2026-01-03 10:41:20,621 - ltrc_manager - INFO - Logging initialized at INFO level
2026-01-03 10:41:22,604 - watchfiles.main - INFO - 1 change detected
2026-01-03 10:41:23,823 - watchfiles.main - INFO - 4 changes detected
2026-01-03 10:41:24,178 - watchfiles.main - INFO - 3 changes detected
2026-01-03 10:41:28,123 - ltrc_manager - INFO - Logging initialized at INFO level
2026-01-03 10:41:28,257 - watchfiles.main - INFO - 1 change detected
2026-01-03 10:41:28,258 - ltrc_manager - INFO - Logging initialized at INFO level
2026-01-03 10:41:28,263 - ltrc_manager - INFO - LTRC Manager API starting up...
2026-01-03 10:41:28,615 - watchfiles.main - INFO - 1 change detected
2026-01-03 10:41:28,976 - watchfiles.main - INFO - 1 change detected
2026-01-03 10:41:29,342 - watchfiles.main - INFO - 1 change detected
2026-01-03 10:41:29,695 - watchfiles.main - INFO - 1 change detected
2026-01-03 10:41:30,054 - watchfiles.main - INFO - 1 change detected
2026-01-03 10:41:30,412 - watchfiles.main - INFO - 1 change detected
2026-01-03 10:41:30,778 - watchfiles.main - INFO - 1 change detected
2026-01-03 10:41:31,131 - watchfiles.main - INFO - 1 change detected
2026-01-03 10:41:31,533 - watchfiles.main - INFO - 1 change detected
2026-01-03 10:41:31,944 - watchfiles.main - INFO - 1 change detected
2026-01-03 10:41:32,346 - watchfiles.main - INFO - 1 change detected
2026-01-03 10:41:32,763 - watchfiles.main - INFO - 1 change detected
2026-01-03 10:41:33,129 - watchfiles.main - INFO - 1 change detected
2026-01-03 10:41:33,532 - watchfiles.main - INFO - 1 change detected
2026-01-03 10:41:33,948 - watchfiles.main - INFO - 1 change detected
2026-01-03 10:41:34,354 - watchfiles.main - INFO - 1 change detected
2026-01-03 10:41:34,758 - watchfiles.main - INFO - 1 change detected
2026-01-03 10:41:35,161 - watchfiles.main - INFO - 1 change detected
2026-01-03 10:41:35,523 - watchfiles.main - INFO - 1 change detected
2026-01-03 10:41:35,927 - watchfiles.main - INFO - 1 change detected
2026-01-03 10:41:36,290 - watchfiles.main - INFO - 1 change detected
2026-01-03 10:41:36,695 - watchfiles.main - INFO - 1 change detected
2026-01-03 10:41:37,097 - watchfiles.main - INFO - 1 change detected
2026-01-03 10:41:37,500 - watchfiles.main - INFO - 1 change detected
2026-01-03 10:41:37,860 - watchfiles.main - INFO - 1 change detected
2026-01-03 10:41:38,262 - watchfiles.main - INFO - 1 change detected
2026-01-03 10:41:38,666 - watchfiles.main - INFO - 1 change detected
2026-01-03 10:41:39,079 - watchfiles.main - INFO - 1 change detected
2026-01-03 10:41:39,494 - watchfiles.main - INFO - 1 change detected
2026-01-03 10:41:39,895 - watchfiles.main - INFO - 1 change detected
2026-01-03 10:41:40,256 - watchfiles.main - INFO - 1 change detected
2026-01-03 10:41:40,667 - watchfiles.main - INFO - 1 change detected
2026-01-03 10:41:41,080 - watchfiles.main - INFO - 1 change detected
2026-01-03 10:41:41,496 - watchfiles.main - INFO - 1 change detected
2026-01-03 10:41:41,897 - watchfiles.main - INFO - 1 change detected
2026-01-03 10:41:42,254 - watchfiles.main - INFO - 1 change detected
2026-01-03 10:41:42,655 - watchfiles.main - INFO - 1 change detected
2026-01-03 10:41:43,064 - watchfiles.main - INFO - 1 change detected
2026-01-03 10:41:43,467 - watchfiles.main - INFO - 1 change detected
2026-01-03 10:41:43,882 - watchfiles.main - INFO - 1 change detected
2026-01-03 10:41:44,243 - watchfiles.main - INFO - 1 change detected
2026-01-03 10:41:44,654 - watchfiles.main - INFO - 1 change detected
2026-01-03 10:41:45,062 - watchfiles.main - INFO - 1 change detected
2026-01-03 10:41:45,475 - watchfiles.main - INFO - 1 change detected
2026-01-03 10:41:45,879 - watchfiles.main - INFO - 1 change detected
2026-01-03 10:41:46,245 - watchfiles.main - INFO - 1 change detected
2026-01-03 10:41:46,662 - watchfiles.main - INFO - 1 change detected
2026-01-03 10:41:47,029 - watchfiles.main - INFO - 1 change detected
2026-01-03 10:41:47,432 - watchfiles.main - INFO - 1 change detected
2026-01-03 10:41:47,833 - watchfiles.main - INFO - 1 change detected
2026-01-03 10:41:48,234 - watchfiles.main - INFO - 1 change detected
2026-01-03 10:41:48,646 - watchfiles.main - INFO - 1 change detected
2026-01-03 10:41:49,003 - watchfiles.main - INFO - 1 change detected
2026-01-03 10:41:49,406 - watchfiles.main - INFO - 1 change detected
2026-01-03 10:41:49,814 - watchfiles.main - INFO - 1 change detected
2026-01-03 10:41:50,229 - watchfiles.main - INFO - 1 change detected
2026-01-03 10:41:50,630 - watchfiles.main - INFO - 1 change detected
2026-01-03 10:41:51,045 - watchfiles.main - INFO - 1 change detected
2026-01-03 10:41:51,447 - watchfiles.main - INFO - 1 change detected
2026-01-03 10:41:51,854 - watchfiles.main - INFO - 1 change detected
2026-01-03 10:41:52,262 - watchfiles.main - INFO - 1 change detected
2026-01-03 10:41:52,666 - watchfiles.main - INFO - 1 change detected
2026-01-03 10:41:53,029 - watchfiles.main - INFO - 1 change detected
2026-01-03 10:41:53,436 - watchfiles.main - INFO - 1 change detected
2026-01-03 10:41:53,847 - watchfiles.main - INFO - 1 change detected
2026-01-03 10:41:54,252 - watchfiles.main - INFO - 1 change detected
2026-01-03 10:41:54,664 - watchfiles.main - INFO - 1 change detected
2026-01-03 10:41:55,080 - watchfiles.main - INFO - 1 change detected
2026-01-03 10:41:55,449 - watchfiles.main - INFO - 1 change detected
2026-01-03 10:41:55,863 - watchfiles.main - INFO - 1 change detected
2026-01-03 10:41:56,270 - watchfiles.main - INFO - 1 change detected
2026-01-03 10:41:56,676 - watchfiles.main - INFO - 1 change detected
2026-01-03 10:41:57,029 - watchfiles.main - INFO - 1 change detected
2026-01-03 10:41:57,441 - watchfiles.main - INFO - 1 change detected
2026-01-03 10:41:57,847 - watchfiles.main - INFO - 1 change detected
2026-01-03 10:41:58,213 - watchfiles.main - INFO - 1 change detected
2026-01-03 10:41:58,616 - watchfiles.main - INFO - 1 change detected
2026-01-03 10:41:59,029 - watchfiles.main - INFO - 1 change detected
2026-01-03 10:41:59,431 - watchfiles.main - INFO - 1 change detected
2026-01-03 10:41:59,846 - watchfiles.main - INFO - 1 change detected
2026-01-03 10:42:00,263 - watchfiles.main - INFO - 1 change detected
2026-01-03 10:42:00,614 - watchfiles.main - INFO - 1 change detected
2026-01-03 10:42:01,026 - watchfiles.main - INFO - 1 change detected
2026-01-03 10:42:01,430 - watchfiles.main - INFO - 1 change detected
2026-01-03 10:42:01,848 - watchfiles.main - INFO - 1 change detected
2026-01-03 10:42:02,213 - watchfiles.main - INFO - 1 change detected
2026-01-03 10:42:02,630 - watchfiles.main - INFO - 1 change detected
2026-01-03 10:42:03,043 - watchfiles.main - INFO - 1 change detected
2026-01-03 10:42:03,448 - watchfiles.main - INFO - 1 change detected
2026-01-03 10:42:03,863 - watchfiles.main - INFO - 1 change detected
2026-01-03 10:42:04,279 - watchfiles.main - INFO - 1 change detected
2026-01-03 10:42:04,682 - watchfiles.main - INFO - 1 change detected
2026-01-03 10:42:05,093 - watchfiles.main - INFO - 1 change detected
2026-01-03 10:42:05,496 - watchfiles.main - INFO - 1 change detected
2026-01-03 10:42:05,904 - watchfiles.main - INFO - 1 change detected
2026-01-03 10:42:06,264 - watchfiles.main - INFO - 1 change detected
2026-01-03 10:42:06,716 - watchfiles.main - INFO - 1 change detected
2026-01-03 10:42:07,081 - watchfiles.main - INFO - 1 change detected
2026-01-03 10:42:07,496 - watchfiles.main - INFO - 1 change detected
2026-01-03 10:42:07,908 - watchfiles.main - INFO - 1 change detected
2026-01-03 10:42:08,312 - watchfiles.main - INFO - 1 change detected
2026-01-03 10:42:08,731 - watchfiles.main - INFO - 1 change detected
2026-01-03 10:42:09,135 - watchfiles.main - INFO - 1 change detected
2026-01-03 10:42:09,544 - watchfiles.main - INFO - 1 change detected
2026-01-03 10:42:09,897 - watchfiles.main - INFO - 1 change detected
2026-01-03 10:42:10,314 - watchfiles.main - INFO - 1 change detected
2026-01-03 10:42:10,730 - watchfiles.main - INFO - 1 change detected
2026-01-03 10:42:11,083 - watchfiles.main - INFO - 1 change detected
2026-01-03 10:42:11,498 - watchfiles.main - INFO - 1 change detected
2026-01-03 10:42:11,914 - watchfiles.main - INFO - 1 change detected
2026-01-03 10:42:12,330 - watchfiles.main - INFO - 1 change detected
2026-01-03 10:42:12,782 - watchfiles.main - INFO - 1 change detected
2026-01-03 10:42:13,148 - watchfiles.main - INFO - 1 change detected
2026-01-03 10:42:13,565 - watchfiles.main - INFO - 1 change detected
2026-01-03 10:42:13,970 - watchfiles.main - INFO - 1 change detected
2026-01-03 10:42:14,378 - watchfiles.main - INFO - 1 change detected
2026-01-03 10:42:14,781 - watchfiles.main - INFO - 1 change detected
2026-01-03 10:42:15,197 - watchfiles.main - INFO - 1 change detected
2026-01-03 10:42:15,600 - watchfiles.main - INFO - 1 change detected
2026-01-03 10:42:16,016 - watchfiles.main - INFO - 1 change detected
2026-01-03 10:42:16,427 - watchfiles.main - INFO - 1 change detected
2026-01-03 10:42:16,830 - watchfiles.main - INFO - 1 change detected
2026-01-03 10:42:17,247 - watchfiles.main - INFO - 1 change detected
2026-01-03 10:42:17,648 - watchfiles.main - INFO - 1 change detected
2026-01-03 10:42:18,065 - watchfiles.main - INFO - 1 change detected
2026-01-03 10:42:18,478 - watchfiles.main - INFO - 1 change detected
2026-01-03 10:42:18,881 - watchfiles.main - INFO - 1 change detected
2026-01-03 10:42:19,246 - watchfiles.main - INFO - 1 change detected
2026-01-03 10:42:19,664 - watchfiles.main - INFO - 1 change detected
2026-01-03 10:42:20,081 - watchfiles.main - INFO - 1 change detected
2026-01-03 10:42:20,498 - watchfiles.main - INFO - 1 change detected
2026-01-03 10:42:20,914 - watchfiles.main - INFO - 1 change detected
2026-01-03 10:42:21,330 - watchfiles.main - INFO - 1 change detected
2026-01-03 10:42:21,684 - watchfiles.main - INFO - 1 change detected
2026-01-03 10:42:22,098 - watchfiles.main - INFO - 1 change detected
2026-01-03 10:42:22,513 - watchfiles.main - INFO - 1 change detected
2026-01-03 10:42:22,930 - watchfiles.main - INFO - 1 change detected
2026-01-03 10:42:23,347 - watchfiles.main - INFO - 1 change detected
2026-01-03 10:42:23,763 - watchfiles.main - INFO - 1 change detected
2026-01-03 10:42:24,166 - watchfiles.main - INFO - 1 change detected
2026-01-03 10:42:24,579 - watchfiles.main - INFO - 1 change detected
2026-01-03 10:42:24,981 - watchfiles.main - INFO - 1 change detected
2026-01-03 10:42:25,346 - watchfiles.main - INFO - 1 change detected
2026-01-03 10:42:25,748 - watchfiles.main - INFO - 1 change detected
2026-01-03 10:42:26,156 - watchfiles.main - INFO - 1 change detected
2026-01-03 10:42:26,564 - watchfiles.main - INFO - 1 change detected
2026-01-03 10:42:26,981 - watchfiles.main - INFO - 1 change detected
2026-01-03 10:42:27,397 - watchfiles.main - INFO - 1 change detected
2026-01-03 10:42:27,815 - watchfiles.main - INFO - 1 change detected
2026-01-03 10:42:28,165 - watchfiles.main - INFO - 1 change detected
2026-01-03 10:42:28,581 - watchfiles.main - INFO - 1 change detected
2026-01-03 10:42:28,998 - watchfiles.main - INFO - 1 change detected
2026-01-03 10:42:29,415 - watchfiles.main - INFO - 1 change detected
2026-01-03 10:42:29,770 - watchfiles.main - INFO - 1 change detected
2026-01-03 10:42:30,181 - watchfiles.main - INFO - 1 change detected
2026-01-03 10:42:30,596 - watchfiles.main - INFO - 1 change detected
2026-01-03 10:42:31,014 - watchfiles.main - INFO - 1 change detected
2026-01-03 10:42:31,432 - watchfiles.main - INFO - 1 change detected
2026-01-03 10:42:31,846 - watchfiles.main - INFO - 1 change detected
2026-01-03 10:42:32,214 - watchfiles.main - INFO - 1 change detected
2026-01-03 10:42:32,632 - watchfiles.main - INFO - 1 change detected
2026-01-03 10:42:32,994 - watchfiles.main - INFO - 1 change detected
2026-01-03 10:42:33,396 - watchfiles.main - INFO - 1 change detected
2026-01-03 10:42:33,811 - watchfiles.main - INFO - 1 change detected
2026-01-03 10:42:34,214 - watchfiles.main - INFO - 1 change detected
2026-01-03 10:42:34,617 - watchfiles.main - INFO - 1 change detected
2026-01-03 10:42:34,979 - watchfiles.main - INFO - 1 change detected
2026-01-03 10:42:35,381 - watchfiles.main - INFO - 1 change detected
2026-01-03 10:42:35,798 - watchfiles.main - INFO - 1 change detected
2026-01-03 10:42:36,213 - watchfiles.main - INFO - 1 change detected
2026-01-03 10:42:36,614 - watchfiles.main - INFO - 1 change detected
2026-01-03 10:42:37,030 - watchfiles.main - INFO - 1 change detected
2026-01-03 10:42:37,396 - watchfiles.main - INFO - 1 change detected
2026-01-03 10:42:37,814 - watchfiles.main - INFO - 1 change detected
2026-01-03 10:42:38,231 - watchfiles.main - INFO - 1 change detected
2026-01-03 10:42:38,647 - watchfiles.main - INFO - 1 change detected
2026-01-03 10:42:38,998 - watchfiles.main - INFO - 1 change detected
2026-01-03 10:42:39,414 - watchfiles.main - INFO - 1 change detected
2026-01-03 10:42:39,831 - watchfiles.main - INFO - 1 change detected
2026-01-03 10:42:40,247 - watchfiles.main - INFO - 1 change detected
2026-01-03 10:42:40,650 - watchfiles.main - INFO - 1 change detected
2026-01-03 10:42:41,064 - watchfiles.main - INFO - 1 change detected
2026-01-03 10:42:41,466 - watchfiles.main - INFO - 1 change detected
2026-01-03 10:42:41,829 - watchfiles.main - INFO - 1 change detected
2026-01-03 10:42:42,248 - watchfiles.main - INFO - 1 change detected
2026-01-03 10:42:42,665 - watchfiles.main - INFO - 1 change detected
2026-01-03 10:42:43,081 - watchfiles.main - INFO - 1 change detected
2026-01-03 10:42:43,497 - watchfiles.main - INFO - 1 change detected
2026-01-03 10:42:43,913 - watchfiles.main - INFO - 1 change detected
2026-01-03 10:42:44,330 - watchfiles.main - INFO - 1 change detected
2026-01-03 10:42:44,747 - watchfiles.main - INFO - 1 change detected
2026-01-03 10:42:45,150 - watchfiles.main - INFO - 1 change detected
2026-01-03 10:42:45,565 - watchfiles.main - INFO - 1 change detected
2026-01-03 10:42:45,981 - watchfiles.main - INFO - 1 change detected
2026-01-03 10:42:46,384 - watchfiles.main - INFO - 1 change detected
2026-01-03 10:42:46,797 - watchfiles.main - INFO - 1 change detected
2026-01-03 10:42:47,164 - watchfiles.main - INFO - 1 change detected
2026-01-03 10:42:47,579 - watchfiles.main - INFO - 1 change detected
2026-01-03 10:42:48,033 - watchfiles.main - INFO - 1 change detected
2026-01-03 10:42:48,396 - watchfiles.main - INFO - 1 change detected
2026-01-03 10:42:48,814 - watchfiles.main - INFO - 1 change detected
2026-01-03 10:42:49,222 - watchfiles.main - INFO - 1 change detected
2026-01-03 10:42:49,629 - watchfiles.main - INFO - 1 change detected
2026-01-03 10:42:50,030 - watchfiles.main - INFO - 1 change detected
2026-01-03 10:42:50,432 - watchfiles.main - INFO - 1 change detected
2026-01-03 10:42:50,847 - watchfiles.main - INFO - 1 change detected
2026-01-03 10:42:51,253 - watchfiles.main - INFO - 1 change detected
2026-01-03 10:42:51,613 - watchfiles.main - INFO - 1 change detected
2026-01-03 10:42:52,016 - watchfiles.main - INFO - 1 change detected
2026-01-03 10:42:52,431 - watchfiles.main - INFO - 1 change detected
2026-01-03 10:42:52,846 - watchfiles.main - INFO - 1 change detected
2026-01-03 10:42:53,199 - watchfiles.main - INFO - 1 change detected
2026-01-03 10:42:53,616 - watchfiles.main - INFO - 1 change detected
2026-01-03 10:42:54,029 - watchfiles.main - INFO - 1 change detected
2026-01-03 10:42:54,434 - watchfiles.main - INFO - 1 change detected
2026-01-03 10:42:54,842 - watchfiles.main - INFO - 1 change detected
2026-01-03 10:42:55,247 - watchfiles.main - INFO - 1 change detected
2026-01-03 10:42:55,663 - watchfiles.main - INFO - 1 change detected
2026-01-03 10:42:56,064 - watchfiles.main - INFO - 1 change detected
2026-01-03 10:42:56,429 - watchfiles.main - INFO - 1 change detected
2026-01-03 10:42:56,831 - watchfiles.main - INFO - 1 change detected
2026-01-03 10:42:57,247 - watchfiles.main - INFO - 1 change detected
2026-01-03 10:42:57,664 - watchfiles.main - INFO - 1 change detected
2026-01-03 10:42:58,078 - watchfiles.main - INFO - 1 change detected
2026-01-03 10:42:58,498 - watchfiles.main - INFO - 1 change detected
2026-01-03 10:42:58,864 - watchfiles.main - INFO - 1 change detected
2026-01-03 10:42:59,279 - watchfiles.main - INFO - 1 change detected
2026-01-03 10:42:59,697 - watchfiles.main - INFO - 1 change detected
2026-01-03 10:43:00,064 - watchfiles.main - INFO - 1 change detected
2026-01-03 10:43:00,482 - watchfiles.main - INFO - 1 change detected
2026-01-03 10:43:00,897 - watchfiles.main - INFO - 1 change detected
2026-01-03 10:43:01,263 - watchfiles.main - INFO - 1 change detected
2026-01-03 10:43:01,715 - watchfiles.main - INFO - 1 change detected
2026-01-03 10:43:02,129 - watchfiles.main - INFO - 1 change detected
2026-01-03 10:43:02,498 - watchfiles.main - INFO - 1 change detected
2026-01-03 10:43:02,915 - watchfiles.main - INFO - 1 change detected
2026-01-03 10:43:03,320 - watchfiles.main - INFO - 1 change detected
2026-01-03 10:43:03,730 - watchfiles.main - INFO - 1 change detected
2026-01-03 10:43:04,096 - watchfiles.main - INFO - 1 change detected
2026-01-03 10:43:04,514 - watchfiles.main - INFO - 1 change detected
2026-01-03 10:43:04,930 - watchfiles.main - INFO - 1 change detected
2026-01-03 10:43:05,346 - watchfiles.main - INFO - 1 change detected
2026-01-03 10:43:05,750 - watchfiles.main - INFO - 1 change detected
2026-01-03 10:43:06,115 - watchfiles.main - INFO - 1 change detected
2026-01-03 10:43:06,529 - watchfiles.main - INFO - 1 change detected
2026-01-03 10:43:06,946 - watchfiles.main - INFO - 1 change detected
2026-01-03 10:43:07,348 - watchfiles.main - INFO - 1 change detected
2026-01-03 10:43:07,711 - watchfiles.main - INFO - 1 change detected
2026-01-03 10:43:08,113 - watchfiles.main - INFO - 1 change detected
2026-01-03 10:43:08,529 - watchfiles.main - INFO - 1 change detected
2026-01-03 10:43:08,932 - watchfiles.main - INFO - 1 change detected
2026-01-03 10:43:09,347 - watchfiles.main - INFO - 1 change detected
2026-01-03 10:43:09,764 - watchfiles.main - INFO - 1 change detected
2026-01-03 10:43:10,129 - watchfiles.main - INFO - 1 change detected
2026-01-03 10:43:10,547 - watchfiles.main - INFO - 1 change detected
2026-01-03 10:43:10,964 - watchfiles.main - INFO - 1 change detected
2026-01-03 10:43:11,381 - watchfiles.main - INFO - 1 change detected
2026-01-03 10:43:11,796 - watchfiles.main - INFO - 1 change detected
2026-01-03 10:43:12,202 - watchfiles.main - INFO - 1 change detected
2026-01-03 10:43:12,555 - watchfiles.main - INFO - 1 change detected
2026-01-03 10:43:12,964 - watchfiles.main - INFO - 1 change detected
2026-01-03 10:43:13,380 - watchfiles.main - INFO - 1 change detected
2026-01-03 10:43:13,797 - watchfiles.main - INFO - 1 change detected
2026-01-03 10:43:14,204 - watchfiles.main - INFO - 1 change detected
2026-01-03 10:43:14,556 - watchfiles.main - INFO - 1 change detected
2026-01-03 10:43:14,959 - watchfiles.main - INFO - 1 change detected
2026-01-03 10:43:15,363 - watchfiles.main - INFO - 1 change detected
2026-01-03 10:43:15,778 - watchfiles.main - INFO - 1 change detected
2026-01-03 10:43:16,146 - watchfiles.main - INFO - 1 change detected
2026-01-03 10:43:16,560 - watchfiles.main - INFO - 1 change detected
2026-01-03 10:43:16,913 - watchfiles.main - INFO - 1 change detected
2026-01-03 10:43:17,329 - watchfiles.main - INFO - 1 change detected
2026-01-03 10:43:17,746 - watchfiles.main - INFO - 1 change detected
2026-01-03 10:43:18,163 - watchfiles.main - INFO - 1 change detected
2026-01-03 10:43:18,580 - watchfiles.main - INFO - 1 change detected
2026-01-03 10:43:18,931 - watchfiles.main - INFO - 1 change detected
2026-01-03 10:43:19,347 - watchfiles.main - INFO - 1 change detected
2026-01-03 10:43:19,760 - watchfiles.main - INFO - 1 change detected
2026-01-03 10:43:20,164 - watchfiles.main - INFO - 1 change detected
2026-01-03 10:43:20,566 - watchfiles.main - INFO - 1 change detected
2026-01-03 10:43:20,968 - watchfiles.main - INFO - 1 change detected
2026-01-03 10:43:21,379 - watchfiles.main - INFO - 1 change detected
2026-01-03 10:43:21,785 - watchfiles.main - INFO - 1 change detected
2026-01-03 10:43:22,193 - watchfiles.main - INFO - 1 change detected
2026-01-03 10:43:22,596 - watchfiles.main - INFO - 1 change detected
2026-01-03 10:43:22,955 - watchfiles.main - INFO - 1 change detected
2026-01-03 10:43:23,358 - watchfiles.main - INFO - 1 change detected
2026-01-03 10:43:23,766 - watchfiles.main - INFO - 1 change detected
2026-01-03 10:43:24,169 - watchfiles.main - INFO - 1 change detected
2026-01-03 10:43:24,528 - watchfiles.main - INFO - 1 change detected
2026-01-03 10:43:24,930 - watchfiles.main - INFO - 1 change detected
2026-01-03 10:43:25,346 - watchfiles.main - INFO - 1 change detected
2026-01-03 10:43:25,763 - watchfiles.main - INFO - 1 change detected
2026-01-03 10:43:26,181 - watchfiles.main - INFO - 1 change detected
2026-01-03 10:43:26,590 - watchfiles.main - INFO - 1 change detected
2026-01-03 10:43:26,950 - watchfiles.main - INFO - 1 change detected
2026-01-03 10:43:27,357 - watchfiles.main - INFO - 1 change detected
2026-01-03 10:43:27,762 - watchfiles.main - INFO - 1 change detected
2026-01-03 10:43:28,164 - watchfiles.main - INFO - 1 change detected
2026-01-03 10:43:28,580 - watchfiles.main - INFO - 1 change detected
2026-01-03 10:43:28,947 - watchfiles.main - INFO - 1 change detected
2026-01-03 10:43:29,363 - watchfiles.main - INFO - 1 change detected
2026-01-03 10:43:29,779 - watchfiles.main - INFO - 1 change detected
2026-01-03 10:43:30,182 - watchfiles.main - INFO - 1 change detected
2026-01-03 10:43:30,584 - watchfiles.main - INFO - 1 change detected
2026-01-03 10:43:30,946 - watchfiles.main - INFO - 1 change detected
2026-01-03 10:43:31,399 - watchfiles.main - INFO - 1 change detected
2026-01-03 10:43:31,803 - watchfiles.main - INFO - 1 change detected
2026-01-03 10:43:32,164 - watchfiles.main - INFO - 1 change detected
2026-01-03 10:43:32,565 - watchfiles.main - INFO - 1 change detected
2026-01-03 10:43:32,980 - watchfiles.main - INFO - 1 change detected
2026-01-03 10:43:33,396 - watchfiles.main - INFO - 1 change detected
2026-01-03 10:43:33,763 - watchfiles.main - INFO - 1 change detected
2026-01-03 10:43:34,180 - watchfiles.main - INFO - 1 change detected
2026-01-03 10:43:34,582 - watchfiles.main - INFO - 1 change detected
2026-01-03 10:43:34,994 - watchfiles.main - INFO - 1 change detected
2026-01-03 10:43:35,398 - watchfiles.main - INFO - 1 change detected
2026-01-03 10:43:35,762 - watchfiles.main - INFO - 1 change detected
2026-01-03 10:43:36,181 - watchfiles.main - INFO - 1 change detected
2026-01-03 10:43:36,598 - watchfiles.main - INFO - 1 change detected
2026-01-03 10:43:37,013 - watchfiles.main - INFO - 1 change detected
2026-01-03 10:43:37,415 - watchfiles.main - INFO - 1 change detected
2026-01-03 10:43:37,829 - watchfiles.main - INFO - 1 change detected
2026-01-03 10:43:38,230 - watchfiles.main - INFO - 1 change detected
2026-01-03 10:43:38,596 - watchfiles.main - INFO - 1 change detected
2026-01-03 10:43:39,015 - watchfiles.main - INFO - 1 change detected
2026-01-03 10:43:39,381 - watchfiles.main - INFO - 1 change detected
2026-01-03 10:43:39,797 - watchfiles.main - INFO - 1 change detected
2026-01-03 10:43:40,213 - watchfiles.main - INFO - 1 change detected
2026-01-03 10:43:40,629 - watchfiles.main - INFO - 1 change detected
2026-01-03 10:43:41,043 - watchfiles.main - INFO - 1 change detected
2026-01-03 10:43:41,449 - watchfiles.main - INFO - 1 change detected
2026-01-03 10:43:41,864 - watchfiles.main - INFO - 1 change detected
2026-01-03 10:43:42,280 - watchfiles.main - INFO - 1 change detected
2026-01-03 10:43:42,645 - watchfiles.main - INFO - 1 change detected
2026-01-03 10:43:43,098 - watchfiles.main - INFO - 1 change detected
2026-01-03 10:43:43,514 - watchfiles.main - INFO - 1 change detected
2026-01-03 10:43:43,880 - watchfiles.main - INFO - 1 change detected
2026-01-03 10:43:44,348 - watchfiles.main - INFO - 1 change detected
2026-01-03 10:43:44,713 - watchfiles.main - INFO - 1 change detected
2026-01-03 10:43:45,165 - watchfiles.main - INFO - 1 change detected
2026-01-03 10:43:45,582 - watchfiles.main - INFO - 1 change detected
2026-01-03 10:43:45,947 - watchfiles.main - INFO - 1 change detected
2026-01-03 10:43:46,364 - watchfiles.main - INFO - 1 change detected
2026-01-03 10:43:46,780 - watchfiles.main - INFO - 1 change detected
2026-01-03 10:43:47,197 - watchfiles.main - INFO - 1 change detected
2026-01-03 10:43:47,612 - watchfiles.main - INFO - 1 change detected
2026-01-03 10:43:47,966 - watchfiles.main - INFO - 1 change detected
2026-01-03 10:43:48,380 - watchfiles.main - INFO - 1 change detected
2026-01-03 10:43:48,797 - watchfiles.main - INFO - 1 change detected
2026-01-03 10:43:49,212 - watchfiles.main - INFO - 1 change detected
2026-01-03 10:43:49,625 - watchfiles.main - INFO - 1 change detected
2026-01-03 10:43:50,030 - watchfiles.main - INFO - 1 change detected
2026-01-03 10:43:50,385 - watchfiles.main - INFO - 1 change detected
2026-01-03 10:43:50,748 - watchfiles.main - INFO - 1 change detected
2026-01-03 10:43:51,211 - watchfiles.main - INFO - 1 change detected
2026-01-03 10:43:51,562 - watchfiles.main - INFO - 1 change detected
2026-01-03 10:43:51,971 - watchfiles.main - INFO - 1 change detected
2026-01-03 10:43:52,379 - watchfiles.main - INFO - 1 change detected
2026-01-03 10:43:52,796 - watchfiles.main - INFO - 1 change detected
2026-01-03 10:43:53,213 - watchfiles.main - INFO - 1 change detected
2026-01-03 10:43:53,625 - watchfiles.main - INFO - 1 change detected
2026-01-03 10:43:54,031 - watchfiles.main - INFO - 1 change detected
2026-01-03 10:43:54,445 - watchfiles.main - INFO - 1 change detected
2026-01-03 10:43:54,849 - watchfiles.main - INFO - 1 change detected
2026-01-03 10:43:55,263 - watchfiles.main - INFO - 1 change detected
2026-01-03 10:43:55,680 - watchfiles.main - INFO - 1 change detected
2026-01-03 10:43:56,047 - watchfiles.main - INFO - 1 change detected
2026-01-03 10:43:56,449 - watchfiles.main - INFO - 1 change detected
2026-01-03 10:43:56,858 - watchfiles.main - INFO - 1 change detected
2026-01-03 10:43:57,265 - watchfiles.main - INFO - 1 change detected
2026-01-03 10:43:57,681 - watchfiles.main - INFO - 1 change detected
2026-01-03 10:43:58,083 - watchfiles.main - INFO - 1 change detected
2026-01-03 10:43:58,495 - watchfiles.main - INFO - 1 change detected
2026-01-03 10:43:58,898 - watchfiles.main - INFO - 1 change detected
2026-01-03 10:43:59,315 - watchfiles.main - INFO - 1 change detected
2026-01-03 10:43:59,725 - watchfiles.main - INFO - 1 change detected
2026-01-03 10:44:00,132 - watchfiles.main - INFO - 1 change detected
2026-01-03 10:44:00,499 - watchfiles.main - INFO - 1 change detected
2026-01-03 10:44:00,913 - watchfiles.main - INFO - 1 change detected
2026-01-03 10:44:01,332 - watchfiles.main - INFO - 1 change detected
2026-01-03 10:44:01,747 - watchfiles.main - INFO - 1 change detected
2026-01-03 10:44:02,150 - watchfiles.main - INFO - 1 change detected
2026-01-03 10:44:02,564 - watchfiles.main - INFO - 1 change detected
2026-01-03 10:44:02,932 - watchfiles.main - INFO - 1 change detected
2026-01-03 10:44:03,347 - watchfiles.main - INFO - 1 change detected
2026-01-03 10:44:03,764 - watchfiles.main - INFO - 1 change detected
2026-01-03 10:44:04,181 - watchfiles.main - INFO - 1 change detected
2026-01-03 10:44:04,547 - watchfiles.main - INFO - 1 change detected
2026-01-03 10:44:04,963 - watchfiles.main - INFO - 1 change detected
2026-01-03 10:44:05,380 - watchfiles.main - INFO - 1 change detected
2026-01-03 10:44:05,796 - watchfiles.main - INFO - 1 change detected
2026-01-03 10:44:06,198 - watchfiles.main - INFO - 1 change detected
2026-01-03 10:44:06,613 - watchfiles.main - INFO - 1 change detected
2026-01-03 10:44:06,979 - watchfiles.main - INFO - 1 change detected
2026-01-03 10:44:07,397 - watchfiles.main - INFO - 1 change detected
2026-01-03 10:44:07,814 - watchfiles.main - INFO - 1 change detected
2026-01-03 10:44:08,229 - watchfiles.main - INFO - 1 change detected
2026-01-03 10:44:08,630 - watchfiles.main - INFO - 1 change detected
2026-01-03 10:44:09,033 - watchfiles.main - INFO - 1 change detected
2026-01-03 10:44:09,448 - watchfiles.main - INFO - 1 change detected
2026-01-03 10:44:09,863 - watchfiles.main - INFO - 1 change detected
2026-01-03 10:44:10,279 - watchfiles.main - INFO - 1 change detected
2026-01-03 10:44:10,695 - watchfiles.main - INFO - 1 change detected
2026-01-03 10:44:11,098 - watchfiles.main - INFO - 1 change detected
2026-01-03 10:44:11,500 - watchfiles.main - INFO - 1 change detected
2026-01-03 10:44:11,909 - watchfiles.main - INFO - 1 change detected
2026-01-03 10:44:12,312 - watchfiles.main - INFO - 1 change detected
2026-01-03 10:44:12,715 - watchfiles.main - INFO - 1 change detected
2026-01-03 10:44:13,130 - watchfiles.main - INFO - 1 change detected
2026-01-03 10:44:13,532 - watchfiles.main - INFO - 1 change detected
2026-01-03 10:44:13,895 - watchfiles.main - INFO - 1 change detected
2026-01-03 10:44:14,311 - watchfiles.main - INFO - 1 change detected
2026-01-03 10:44:14,730 - watchfiles.main - INFO - 1 change detected
2026-01-03 10:44:15,148 - watchfiles.main - INFO - 1 change detected
2026-01-03 10:44:15,563 - watchfiles.main - INFO - 1 change detected
2026-01-03 10:44:15,931 - watchfiles.main - INFO - 1 change detected
2026-01-03 10:44:16,346 - watchfiles.main - INFO - 1 change detected
2026-01-03 10:44:16,763 - watchfiles.main - INFO - 1 change detected
2026-01-03 10:44:17,130 - watchfiles.main - INFO - 1 change detected
2026-01-03 10:44:17,545 - watchfiles.main - INFO - 1 change detected
2026-01-03 10:44:17,948 - watchfiles.main - INFO - 1 change detected
2026-01-03 10:44:18,364 - watchfiles.main - INFO - 1 change detected
2026-01-03 10:44:18,780 - watchfiles.main - INFO - 1 change detected
2026-01-03 10:44:19,146 - watchfiles.main - INFO - 1 change detected
2026-01-03 10:44:19,557 - watchfiles.main - INFO - 1 change detected
2026-01-03 10:44:19,973 - watchfiles.main - INFO - 1 change detected
2026-01-03 10:44:20,380 - watchfiles.main - INFO - 1 change detected
2026-01-03 10:44:20,746 - watchfiles.main - INFO - 1 change detected
2026-01-03 10:44:21,149 - watchfiles.main - INFO - 1 change detected
2026-01-03 10:44:21,564 - watchfiles.main - INFO - 1 change detected
2026-01-03 10:44:21,980 - watchfiles.main - INFO - 1 change detected
2026-01-03 10:44:22,343 - watchfiles.main - INFO - 1 change detected
2026-01-03 10:44:22,747 - watchfiles.main - INFO - 1 change detected
2026-01-03 10:44:23,157 - watchfiles.main - INFO - 1 change detected
2026-01-03 10:44:23,563 - watchfiles.main - INFO - 1 change detected
2026-01-03 10:44:23,976 - watchfiles.main - INFO - 1 change detected
2026-01-03 10:44:24,330 - watchfiles.main - INFO - 1 change detected
2026-01-03 10:44:24,682 - watchfiles.main - INFO - 1 change detected
2026-01-03 10:44:25,047 - watchfiles.main - INFO - 1 change detected
2026-01-03 10:44:25,403 - watchfiles.main - INFO - 5 changes detected
2026-01-03 10:44:25,763 - watchfiles.main - INFO - 4 changes detected
2026-01-03 10:44:26,181 - watchfiles.main - INFO - 1 change detected
2026-01-03 10:44:26,595 - watchfiles.main - INFO - 1 change detected
2026-01-03 10:44:26,998 - watchfiles.main - INFO - 1 change detected
2026-01-03 10:44:27,408 - watchfiles.main - INFO - 1 change detected
2026-01-03 10:44:27,763 - watchfiles.main - INFO - 1 change detected
2026-01-03 10:44:28,180 - watchfiles.main - INFO - 1 change detected
2026-01-03 10:44:28,597 - watchfiles.main - INFO - 1 change detected
2026-01-03 10:44:29,000 - watchfiles.main - INFO - 1 change detected
2026-01-03 10:44:29,414 - watchfiles.main - INFO - 1 change detected
2026-01-03 10:44:29,830 - watchfiles.main - INFO - 1 change detected
2026-01-03 10:44:30,239 - watchfiles.main - INFO - 1 change detected
2026-01-03 10:44:30,597 - watchfiles.main - INFO - 1 change detected
2026-01-03 10:44:31,059 - watchfiles.main - INFO - 1 change detected
2026-01-03 10:44:31,463 - watchfiles.main - INFO - 1 change detected
2026-01-03 10:44:31,865 - watchfiles.main - INFO - 1 change detected
2026-01-03 10:44:32,230 - watchfiles.main - INFO - 1 change detected
2026-01-03 10:44:32,633 - watchfiles.main - INFO - 1 change detected
2026-01-03 10:44:33,047 - watchfiles.main - INFO - 1 change detected
2026-01-03 10:44:33,462 - watchfiles.main - INFO - 1 change detected
2026-01-03 10:44:33,879 - watchfiles.main - INFO - 1 change detected
2026-01-03 10:44:34,247 - watchfiles.main - INFO - 1 change detected
2026-01-03 10:44:34,663 - watchfiles.main - INFO - 1 change detected
2026-01-03 10:44:35,081 - watchfiles.main - INFO - 1 change detected
2026-01-03 10:44:35,496 - watchfiles.main - INFO - 1 change detected
2026-01-03 10:44:35,897 - watchfiles.main - INFO - 1 change detected
2026-01-03 10:44:36,315 - watchfiles.main - INFO - 1 change detected
2026-01-03 10:44:36,730 - watchfiles.main - INFO - 1 change detected
2026-01-03 10:44:37,132 - watchfiles.main - INFO - 1 change detected
2026-01-03 10:44:37,547 - watchfiles.main - INFO - 1 change detected
2026-01-03 10:44:37,962 - watchfiles.main - INFO - 1 change detected
2026-01-03 10:44:38,380 - watchfiles.main - INFO - 1 change detected
2026-01-03 10:44:38,790 - watchfiles.main - INFO - 1 change detected
2026-01-03 10:44:39,198 - watchfiles.main - INFO - 1 change detected
2026-01-03 10:44:39,614 - watchfiles.main - INFO - 1 change detected
2026-01-03 10:44:39,979 - watchfiles.main - INFO - 1 change detected
2026-01-03 10:44:40,396 - watchfiles.main - INFO - 1 change detected
2026-01-03 10:44:40,798 - watchfiles.main - INFO - 1 change detected
2026-01-03 10:44:41,207 - watchfiles.main - INFO - 1 change detected
2026-01-03 10:44:41,662 - watchfiles.main - INFO - 1 change detected
2026-01-03 10:44:42,028 - watchfiles.main - INFO - 1 change detected
2026-01-03 10:44:42,447 - watchfiles.main - INFO - 1 change detected
2026-01-03 10:44:42,814 - watchfiles.main - INFO - 1 change detected
2026-01-03 10:44:43,230 - watchfiles.main - INFO - 1 change detected
2026-01-03 10:44:43,632 - watchfiles.main - INFO - 1 change detected
2026-01-03 10:44:44,046 - watchfiles.main - INFO - 1 change detected
2026-01-03 10:44:44,459 - watchfiles.main - INFO - 1 change detected
2026-01-03 10:44:44,863 - watchfiles.main - INFO - 1 change detected
2026-01-03 10:44:45,264 - watchfiles.main - INFO - 1 change detected
2026-01-03 10:44:45,679 - watchfiles.main - INFO - 1 change detected
2026-01-03 10:44:46,094 - watchfiles.main - INFO - 1 change detected
2026-01-03 10:44:46,497 - watchfiles.main - INFO - 1 change detected
2026-01-03 10:44:46,848 - watchfiles.main - INFO - 1 change detected
2026-01-03 10:44:47,261 - watchfiles.main - INFO - 1 change detected
2026-01-03 10:44:47,678 - watchfiles.main - INFO - 1 change detected
2026-01-03 10:44:48,080 - watchfiles.main - INFO - 1 change detected
2026-01-03 10:44:48,445 - watchfiles.main - INFO - 1 change detected
2026-01-03 10:44:48,848 - watchfiles.main - INFO - 1 change detected
2026-01-03 10:44:49,256 - watchfiles.main - INFO - 1 change detected
2026-01-03 10:44:49,659 - watchfiles.main - INFO - 1 change detected
2026-01-03 10:44:50,062 - watchfiles.main - INFO - 1 change detected
2026-01-03 10:44:50,465 - watchfiles.main - INFO - 1 change detected
2026-01-03 10:44:50,828 - watchfiles.main - INFO - 1 change detected
2026-01-03 10:44:51,243 - watchfiles.main - INFO - 1 change detected
2026-01-03 10:44:51,650 - watchfiles.main - INFO - 1 change detected
2026-01-03 10:44:52,062 - watchfiles.main - INFO - 1 change detected
2026-01-03 10:44:52,467 - watchfiles.main - INFO - 1 change detected
2026-01-03 10:44:52,879 - watchfiles.main - INFO - 1 change detected
2026-01-03 10:44:53,288 - watchfiles.main - INFO - 1 change detected
2026-01-03 10:44:53,697 - watchfiles.main - INFO - 1 change detected
2026-01-03 10:44:54,062 - watchfiles.main - INFO - 1 change detected
2026-01-03 10:44:54,465 - watchfiles.main - INFO - 1 change detected
2026-01-03 10:44:54,867 - watchfiles.main - INFO - 1 change detected
2026-01-03 10:44:55,279 - watchfiles.main - INFO - 1 change detected
2026-01-03 10:44:55,685 - watchfiles.main - INFO - 1 change detected
2026-01-03 10:44:56,096 - watchfiles.main - INFO - 1 change detected
2026-01-03 10:44:56,513 - watchfiles.main - INFO - 1 change detected
2026-01-03 10:44:56,880 - watchfiles.main - INFO - 1 change detected
2026-01-03 10:44:57,298 - watchfiles.main - INFO - 1 change detected
2026-01-03 10:44:57,715 - watchfiles.main - INFO - 1 change detected
2026-01-03 10:44:58,120 - watchfiles.main - INFO - 1 change detected
2026-01-03 10:44:58,529 - watchfiles.main - INFO - 1 change detected
2026-01-03 10:44:58,895 - watchfiles.main - INFO - 1 change detected
2026-01-03 10:44:59,301 - watchfiles.main - INFO - 1 change detected
2026-01-03 10:44:59,713 - watchfiles.main - INFO - 1 change detected
2026-01-03 10:45:00,122 - watchfiles.main - INFO - 1 change detected
2026-01-03 10:45:00,485 - watchfiles.main - INFO - 1 change detected
2026-01-03 10:45:00,900 - watchfiles.main - INFO - 1 change detected
2026-01-03 10:45:01,314 - watchfiles.main - INFO - 1 change detected
2026-01-03 10:45:01,730 - watchfiles.main - INFO - 1 change detected
2026-01-03 10:45:02,146 - watchfiles.main - INFO - 1 change detected
2026-01-03 10:45:02,514 - watchfiles.main - INFO - 1 change detected
2026-01-03 10:45:02,931 - watchfiles.main - INFO - 1 change detected
2026-01-03 10:45:03,348 - watchfiles.main - INFO - 1 change detected
2026-01-03 10:45:03,712 - watchfiles.main - INFO - 1 change detected
2026-01-03 10:45:04,125 - watchfiles.main - INFO - 1 change detected
2026-01-03 10:45:04,527 - watchfiles.main - INFO - 1 change detected
2026-01-03 10:45:04,937 - watchfiles.main - INFO - 1 change detected
2026-01-03 10:45:05,347 - watchfiles.main - INFO - 1 change detected
2026-01-03 10:45:05,705 - watchfiles.main - INFO - 1 change detected
2026-01-03 10:45:06,110 - watchfiles.main - INFO - 1 change detected
2026-01-03 10:45:06,513 - watchfiles.main - INFO - 1 change detected
2026-01-03 10:45:06,929 - watchfiles.main - INFO - 1 change detected
2026-01-03 10:45:07,343 - watchfiles.main - INFO - 1 change detected
2026-01-03 10:45:07,748 - watchfiles.main - INFO - 1 change detected
2026-01-03 10:45:08,104 - watchfiles.main - INFO - 1 change detected
2026-01-03 10:45:08,514 - watchfiles.main - INFO - 1 change detected
2026-01-03 10:45:08,931 - watchfiles.main - INFO - 1 change detected
2026-01-03 10:45:09,296 - watchfiles.main - INFO - 1 change detected
2026-01-03 10:45:09,712 - watchfiles.main - INFO - 1 change detected
2026-01-03 10:45:10,065 - watchfiles.main - INFO - 1 change detected
2026-01-03 10:45:10,480 - watchfiles.main - INFO - 1 change detected
2026-01-03 10:45:10,894 - watchfiles.main - INFO - 1 change detected
2026-01-03 10:45:11,296 - watchfiles.main - INFO - 1 change detected
2026-01-03 10:45:11,697 - watchfiles.main - INFO - 1 change detected
2026-01-03 10:45:12,104 - watchfiles.main - INFO - 1 change detected
2026-01-03 10:45:12,514 - watchfiles.main - INFO - 1 change detected
2026-01-03 10:45:12,931 - watchfiles.main - INFO - 1 change detected
2026-01-03 10:45:13,336 - watchfiles.main - INFO - 1 change detected
2026-01-03 10:45:13,748 - watchfiles.main - INFO - 1 change detected
2026-01-03 10:45:14,163 - watchfiles.main - INFO - 1 change detected
2026-01-03 10:45:14,531 - watchfiles.main - INFO - 1 change detected
2026-01-03 10:45:14,987 - watchfiles.main - INFO - 1 change detected
2026-01-03 10:45:15,396 - watchfiles.main - INFO - 1 change detected
2026-01-03 10:45:15,805 - watchfiles.main - INFO - 1 change detected
2026-01-03 10:45:16,214 - watchfiles.main - INFO - 1 change detected
2026-01-03 10:45:16,631 - watchfiles.main - INFO - 1 change detected
2026-01-03 10:45:17,040 - watchfiles.main - INFO - 1 change detected
2026-01-03 10:45:17,391 - watchfiles.main - INFO - 1 change detected
2026-01-03 10:45:17,747 - watchfiles.main - INFO - 1 change detected
2026-01-03 10:45:18,112 - watchfiles.main - INFO - 1 change detected
2026-01-03 10:45:18,479 - watchfiles.main - INFO - 1 change detected
2026-01-03 10:45:18,832 - watchfiles.main - INFO - 1 change detected
2026-01-03 10:45:19,197 - watchfiles.main - INFO - 1 change detected
2026-01-03 10:45:19,614 - watchfiles.main - INFO - 1 change detected
2026-01-03 10:45:19,981 - watchfiles.main - INFO - 1 change detected
2026-01-03 10:45:20,396 - watchfiles.main - INFO - 1 change detected
2026-01-03 10:45:20,810 - watchfiles.main - INFO - 1 change detected
2026-01-03 10:45:21,214 - watchfiles.main - INFO - 1 change detected
2026-01-03 10:45:21,580 - watchfiles.main - INFO - 1 change detected
2026-01-03 10:45:21,983 - watchfiles.main - INFO - 1 change detected
2026-01-03 10:45:22,387 - watchfiles.main - INFO - 1 change detected
2026-01-03 10:45:22,794 - watchfiles.main - INFO - 1 change detected
2026-01-03 10:45:23,196 - watchfiles.main - INFO - 1 change detected
2026-01-03 10:45:23,603 - watchfiles.main - INFO - 1 change detected
2026-01-03 10:45:23,961 - watchfiles.main - INFO - 1 change detected
2026-01-03 10:45:24,363 - watchfiles.main - INFO - 1 change detected
2026-01-03 10:45:24,781 - watchfiles.main - INFO - 1 change detected
2026-01-03 10:45:25,184 - watchfiles.main - INFO - 1 change detected
2026-01-03 10:45:25,646 - watchfiles.main - INFO - 1 change detected
2026-01-03 10:45:26,011 - watchfiles.main - INFO - 1 change detected
2026-01-03 10:45:26,431 - watchfiles.main - INFO - 1 change detected
2026-01-03 10:45:26,844 - watchfiles.main - INFO - 1 change detected
2026-01-03 10:45:27,248 - watchfiles.main - INFO - 1 change detected
2026-01-03 10:45:27,655 - watchfiles.main - INFO - 1 change detected
2026-01-03 10:45:28,062 - watchfiles.main - INFO - 1 change detected
2026-01-03 10:45:28,481 - watchfiles.main - INFO - 1 change detected
2026-01-03 10:45:28,882 - watchfiles.main - INFO - 1 change detected
2026-01-03 10:45:29,285 - watchfiles.main - INFO - 1 change detected
2026-01-03 10:45:29,687 - watchfiles.main - INFO - 1 change detected
2026-01-03 10:45:30,095 - watchfiles.main - INFO - 1 change detected
2026-01-03 10:45:30,497 - watchfiles.main - INFO - 1 change detected
2026-01-03 10:45:30,910 - watchfiles.main - INFO - 1 change detected
2026-01-03 10:45:31,319 - watchfiles.main - INFO - 1 change detected
2026-01-03 10:45:31,679 - watchfiles.main - INFO - 1 change detected
2026-01-03 10:45:32,035 - watchfiles.main - INFO - 1 change detected
2026-01-03 10:45:32,398 - watchfiles.main - INFO - 1 change detected
2026-01-03 10:45:32,754 - watchfiles.main - INFO - 1 change detected
2026-01-03 10:45:33,113 - watchfiles.main - INFO - 1 change detected
2026-01-03 10:45:33,526 - watchfiles.main - INFO - 1 change detected
2026-01-03 10:45:33,937 - watchfiles.main - INFO - 1 change detected
2026-01-03 10:45:34,296 - watchfiles.main - INFO - 1 change detected
2026-01-03 10:45:34,709 - watchfiles.main - INFO - 1 change detected
2026-01-03 10:45:35,114 - watchfiles.main - INFO - 1 change detected
2026-01-03 10:45:35,516 - watchfiles.main - INFO - 1 change detected
2026-01-03 10:45:35,930 - watchfiles.main - INFO - 1 change detected
2026-01-03 10:45:36,346 - watchfiles.main - INFO - 1 change detected
2026-01-03 10:45:36,763 - watchfiles.main - INFO - 1 change detected
2026-01-03 10:45:37,173 - watchfiles.main - INFO - 1 change detected
2026-01-03 10:45:37,579 - watchfiles.main - INFO - 1 change detected
2026-01-03 10:45:37,981 - watchfiles.main - INFO - 1 change detected
2026-01-03 10:45:38,397 - watchfiles.main - INFO - 1 change detected
2026-01-03 10:45:38,805 - watchfiles.main - INFO - 1 change detected
2026-01-03 10:45:39,232 - watchfiles.main - INFO - 1 change detected
2026-01-03 10:45:39,647 - watchfiles.main - INFO - 1 change detected
2026-01-03 10:45:40,055 - watchfiles.main - INFO - 1 change detected
2026-01-03 10:45:40,413 - watchfiles.main - INFO - 1 change detected
2026-01-03 10:45:40,827 - watchfiles.main - INFO - 1 change detected
2026-01-03 10:45:41,192 - watchfiles.main - INFO - 1 change detected
2026-01-03 10:45:41,594 - watchfiles.main - INFO - 1 change detected
2026-01-03 10:45:41,997 - watchfiles.main - INFO - 1 change detected
2026-01-03 10:45:42,399 - watchfiles.main - INFO - 1 change detected
2026-01-03 10:45:42,753 - watchfiles.main - INFO - 1 change detected
2026-01-03 10:45:43,111 - watchfiles.main - INFO - 1 change detected
2026-01-03 10:45:43,478 - watchfiles.main - INFO - 1 change detected
2026-01-03 10:45:43,897 - watchfiles.main - INFO - 1 change detected
2026-01-03 10:45:44,259 - watchfiles.main - INFO - 1 change detected
2026-01-03 10:45:44,664 - watchfiles.main - INFO - 1 change detected
2026-01-03 10:45:45,079 - watchfiles.main - INFO - 1 change detected
2026-01-03 10:45:45,485 - watchfiles.main - INFO - 1 change detected
2026-01-03 10:45:45,897 - watchfiles.main - INFO - 1 change detected
2026-01-03 10:45:46,312 - watchfiles.main - INFO - 1 change detected
2026-01-03 10:45:46,677 - watchfiles.main - INFO - 1 change detected
2026-01-03 10:45:47,094 - watchfiles.main - INFO - 1 change detected
2026-01-03 10:45:47,496 - watchfiles.main - INFO - 1 change detected
2026-01-03 10:45:47,965 - watchfiles.main - INFO - 1 change detected
2026-01-03 10:45:48,329 - watchfiles.main - INFO - 1 change detected
2026-01-03 10:45:48,730 - watchfiles.main - INFO - 1 change detected
2026-01-03 10:45:49,131 - watchfiles.main - INFO - 1 change detected
2026-01-03 10:45:49,545 - watchfiles.main - INFO - 1 change detected
2026-01-03 10:45:49,952 - watchfiles.main - INFO - 1 change detected
2026-01-03 10:45:50,354 - watchfiles.main - INFO - 1 change detected
2026-01-03 10:45:50,763 - watchfiles.main - INFO - 1 change detected
2026-01-03 10:45:51,179 - watchfiles.main - INFO - 1 change detected
2026-01-03 10:45:51,546 - watchfiles.main - INFO - 1 change detected
2026-01-03 10:45:51,948 - watchfiles.main - INFO - 1 change detected
2026-01-03 10:45:52,365 - watchfiles.main - INFO - 1 change detected
2026-01-03 10:45:52,728 - watchfiles.main - INFO - 1 change detected
2026-01-03 10:45:53,131 - watchfiles.main - INFO - 1 change detected
2026-01-03 10:45:53,496 - watchfiles.main - INFO - 1 change detected
2026-01-03 10:45:53,861 - watchfiles.main - INFO - 1 change detected
2026-01-03 10:45:54,215 - watchfiles.main - INFO - 1 change detected
2026-01-03 10:45:54,580 - watchfiles.main - INFO - 1 change detected
2026-01-03 10:45:54,984 - watchfiles.main - INFO - 1 change detected
2026-01-03 10:45:55,391 - watchfiles.main - INFO - 1 change detected
2026-01-03 10:45:55,793 - watchfiles.main - INFO - 1 change detected
2026-01-03 10:45:56,157 - watchfiles.main - INFO - 1 change detected
2026-01-03 10:45:56,509 - watchfiles.main - INFO - 1 change detected
2026-01-03 10:45:56,871 - watchfiles.main - INFO - 1 change detected
2026-01-03 10:45:57,225 - watchfiles.main - INFO - 1 change detected
2026-01-03 10:45:57,579 - watchfiles.main - INFO - 1 change detected
2026-01-03 10:45:57,946 - watchfiles.main - INFO - 1 change detected
2026-01-03 10:45:58,349 - watchfiles.main - INFO - 1 change detected
2026-01-03 10:45:58,763 - watchfiles.main - INFO - 1 change detected
2026-01-03 10:45:59,178 - watchfiles.main - INFO - 1 change detected
2026-01-03 10:45:59,534 - watchfiles.main - INFO - 1 change detected
2026-01-03 10:45:59,949 - watchfiles.main - INFO - 1 change detected
2026-01-03 10:46:00,303 - watchfiles.main - INFO - 1 change detected
2026-01-03 10:46:00,705 - watchfiles.main - INFO - 1 change detected
2026-01-03 10:46:01,110 - watchfiles.main - INFO - 1 change detected
2026-01-03 10:46:01,523 - watchfiles.main - INFO - 1 change detected
2026-01-03 10:46:01,936 - watchfiles.main - INFO - 1 change detected
2026-01-03 10:46:02,349 - watchfiles.main - INFO - 1 change detected
2026-01-03 10:46:02,762 - watchfiles.main - INFO - 1 change detected
2026-01-03 10:46:03,115 - watchfiles.main - INFO - 1 change detected
2026-01-03 10:46:03,521 - watchfiles.main - INFO - 1 change detected
2026-01-03 10:46:03,929 - watchfiles.main - INFO - 1 change detected
2026-01-03 10:46:04,293 - watchfiles.main - INFO - 1 change detected
2026-01-03 10:46:04,697 - watchfiles.main - INFO - 1 change detected
2026-01-03 10:46:05,113 - watchfiles.main - INFO - 1 change detected
2026-01-03 10:46:05,466 - watchfiles.main - INFO - 1 change detected
2026-01-03 10:46:05,829 - watchfiles.main - INFO - 1 change detected
2026-01-03 10:46:06,195 - watchfiles.main - INFO - 1 change detected
2026-01-03 10:46:06,546 - watchfiles.main - INFO - 1 change detected
2026-01-03 10:46:06,912 - watchfiles.main - INFO - 1 change detected
2026-01-03 10:46:07,267 - watchfiles.main - INFO - 1 change detected
2026-01-03 10:46:07,620 - watchfiles.main - INFO - 1 change detected
2026-01-03 10:46:07,982 - watchfiles.main - INFO - 1 change detected
2026-01-03 10:46:08,436 - watchfiles.main - INFO - 1 change detected
2026-01-03 10:46:08,847 - watchfiles.main - INFO - 1 change detected
2026-01-03 10:46:09,212 - watchfiles.main - INFO - 1 change detected
2026-01-03 10:46:09,626 - watchfiles.main - INFO - 1 change detected
2026-01-03 10:46:10,028 - watchfiles.main - INFO - 1 change detected
2026-01-03 10:46:10,430 - watchfiles.main - INFO - 1 change detected
2026-01-03 10:46:10,847 - watchfiles.main - INFO - 1 change detected
2026-01-03 10:46:11,211 - watchfiles.main - INFO - 1 change detected
2026-01-03 10:46:11,629 - watchfiles.main - INFO - 1 change detected
2026-01-03 10:46:12,033 - watchfiles.main - INFO - 1 change detected
2026-01-03 10:46:12,443 - watchfiles.main - INFO - 2 changes detected
2026-01-03 10:46:12,578 - ltrc_manager - INFO - LTRC Manager API shutting down...
2026-01-03 10:46:13,074 - watchfiles.main - INFO - 1 change detected
2026-01-03 10:46:16,706 - watchfiles.main - INFO - 5 changes detected
2026-01-03 10:46:20,367 - ltrc_manager - INFO - Logging initialized at INFO level
2026-01-03 10:46:20,452 - ltrc_manager - INFO - Logging initialized at INFO level
2026-01-03 10:46:20,456 - ltrc_manager - INFO - LTRC Manager API starting up...
2026-01-03 10:46:20,492 - watchfiles.main - INFO - 1 change detected
2026-01-03 10:46:20,845 - watchfiles.main - INFO - 1 change detected
2026-01-03 10:46:21,249 - watchfiles.main - INFO - 1 change detected
2026-01-03 10:46:21,614 - watchfiles.main - INFO - 1 change detected
2026-01-03 10:46:22,030 - watchfiles.main - INFO - 1 change detected
2026-01-03 10:46:22,445 - watchfiles.main - INFO - 1 change detected
2026-01-03 10:46:22,800 - watchfiles.main - INFO - 1 change detected
2026-01-03 10:46:23,212 - watchfiles.main - INFO - 1 change detected
2026-01-03 10:46:23,628 - watchfiles.main - INFO - 1 change detected
2026-01-03 10:46:23,981 - watchfiles.main - INFO - 1 change detected
2026-01-03 10:46:24,394 - watchfiles.main - INFO - 1 change detected
2026-01-03 10:46:24,798 - watchfiles.main - INFO - 1 change detected
2026-01-03 10:46:25,211 - watchfiles.main - INFO - 1 change detected
2026-01-03 10:46:25,628 - watchfiles.main - INFO - 1 change detected
2026-01-03 10:46:25,993 - watchfiles.main - INFO - 1 change detected
2026-01-03 10:46:26,398 - watchfiles.main - INFO - 1 change detected
2026-01-03 10:46:26,812 - watchfiles.main - INFO - 1 change detected
2026-01-03 10:46:27,229 - watchfiles.main - INFO - 1 change detected
2026-01-03 10:46:27,595 - watchfiles.main - INFO - 1 change detected
2026-01-03 10:46:28,011 - watchfiles.main - INFO - 1 change detected
2026-01-03 10:46:28,428 - watchfiles.main - INFO - 1 change detected
2026-01-03 10:46:28,832 - watchfiles.main - INFO - 1 change detected
2026-01-03 10:46:29,196 - watchfiles.main - INFO - 1 change detected
2026-01-03 10:46:29,612 - watchfiles.main - INFO - 1 change detected
2026-01-03 10:46:30,015 - watchfiles.main - INFO - 1 change detected
2026-01-03 10:46:30,429 - watchfiles.main - INFO - 1 change detected
2026-01-03 10:46:30,846 - watchfiles.main - INFO - 1 change detected
2026-01-03 10:46:31,212 - watchfiles.main - INFO - 1 change detected
2026-01-03 10:46:31,630 - watchfiles.main - INFO - 1 change detected
2026-01-03 10:46:32,047 - watchfiles.main - INFO - 1 change detected
2026-01-03 10:46:32,462 - watchfiles.main - INFO - 1 change detected
2026-01-03 10:46:32,878 - watchfiles.main - INFO - 1 change detected
2026-01-03 10:46:33,246 - watchfiles.main - INFO - 1 change detected
2026-01-03 10:46:33,662 - watchfiles.main - INFO - 1 change detected
2026-01-03 10:46:34,068 - watchfiles.main - INFO - 1 change detected
2026-01-03 10:46:34,476 - watchfiles.main - INFO - 1 change detected
2026-01-03 10:46:34,879 - watchfiles.main - INFO - 1 change detected
2026-01-03 10:46:35,280 - watchfiles.main - INFO - 1 change detected
2026-01-03 10:46:35,645 - watchfiles.main - INFO - 1 change detected
2026-01-03 10:46:36,053 - watchfiles.main - INFO - 1 change detected
2026-01-03 10:46:36,457 - watchfiles.main - INFO - 1 change detected
2026-01-03 10:46:36,861 - watchfiles.main - INFO - 1 change detected
2026-01-03 10:46:37,262 - watchfiles.main - INFO - 1 change detected
2026-01-03 10:46:37,678 - watchfiles.main - INFO - 1 change detected
2026-01-03 10:46:38,095 - watchfiles.main - INFO - 1 change detected
2026-01-03 10:46:38,447 - watchfiles.main - INFO - 1 change detected
2026-01-03 10:46:38,849 - watchfiles.main - INFO - 1 change detected
2026-01-03 10:46:39,262 - watchfiles.main - INFO - 1 change detected
2026-01-03 10:46:39,667 - watchfiles.main - INFO - 1 change detected
2026-01-03 10:46:40,078 - watchfiles.main - INFO - 1 change detected
2026-01-03 10:46:40,432 - watchfiles.main - INFO - 1 change detected
2026-01-03 10:46:40,835 - watchfiles.main - INFO - 1 change detected
2026-01-03 10:46:41,245 - watchfiles.main - INFO - 1 change detected
2026-01-03 10:46:41,658 - watchfiles.main - INFO - 1 change detected
2026-01-03 10:46:42,029 - watchfiles.main - INFO - 1 change detected
2026-01-03 10:46:42,445 - watchfiles.main - INFO - 1 change detected
2026-01-03 10:46:42,810 - watchfiles.main - INFO - 1 change detected
2026-01-03 10:46:43,228 - watchfiles.main - INFO - 1 change detected
2026-01-03 10:46:43,632 - watchfiles.main - INFO - 1 change detected
2026-01-03 10:46:44,045 - watchfiles.main - INFO - 1 change detected
2026-01-03 10:46:44,411 - watchfiles.main - INFO - 1 change detected
2026-01-03 10:46:44,812 - watchfiles.main - INFO - 1 change detected
2026-01-03 10:46:45,226 - watchfiles.main - INFO - 1 change detected
2026-01-03 10:46:45,577 - watchfiles.main - INFO - 1 change detected
2026-01-03 10:46:45,979 - watchfiles.main - INFO - 1 change detected
2026-01-03 10:46:46,393 - watchfiles.main - INFO - 1 change detected
2026-01-03 10:46:46,746 - watchfiles.main - INFO - 1 change detected
2026-01-03 10:46:47,163 - watchfiles.main - INFO - 1 change detected
2026-01-03 10:46:47,578 - watchfiles.main - INFO - 1 change detected
2026-01-03 10:46:47,994 - watchfiles.main - INFO - 1 change detected
2026-01-03 10:46:48,361 - watchfiles.main - INFO - 1 change detected
2026-01-03 10:46:48,765 - watchfiles.main - INFO - 1 change detected
2026-01-03 10:46:49,118 - watchfiles.main - INFO - 1 change detected
2026-01-03 10:46:49,478 - watchfiles.main - INFO - 1 change detected
2026-01-03 10:46:49,830 - watchfiles.main - INFO - 1 change detected
2026-01-03 10:46:50,194 - watchfiles.main - INFO - 1 change detected
2026-01-03 10:46:50,595 - watchfiles.main - INFO - 1 change detected
2026-01-03 10:46:51,012 - watchfiles.main - INFO - 1 change detected
2026-01-03 10:46:51,367 - watchfiles.main - INFO - 1 change detected
2026-01-03 10:46:51,778 - watchfiles.main - INFO - 1 change detected
2026-01-03 10:46:52,193 - watchfiles.main - INFO - 1 change detected
2026-01-03 10:46:52,604 - watchfiles.main - INFO - 1 change detected
2026-01-03 10:46:53,012 - watchfiles.main - INFO - 1 change detected
2026-01-03 10:46:53,378 - watchfiles.main - INFO - 1 change detected
2026-01-03 10:46:53,795 - watchfiles.main - INFO - 1 change detected
2026-01-03 10:46:54,199 - watchfiles.main - INFO - 1 change detected
2026-01-03 10:46:54,604 - watchfiles.main - INFO - 1 change detected
2026-01-03 10:46:55,009 - watchfiles.main - INFO - 1 change detected
2026-01-03 10:46:55,419 - watchfiles.main - INFO - 1 change detected
2026-01-03 10:46:55,776 - watchfiles.main - INFO - 1 change detected
2026-01-03 10:46:56,181 - watchfiles.main - INFO - 1 change detected
2026-01-03 10:46:56,597 - watchfiles.main - INFO - 1 change detected
2026-01-03 10:46:56,954 - watchfiles.main - INFO - 1 change detected
2026-01-03 10:46:57,360 - watchfiles.main - INFO - 1 change detected
2026-01-03 10:46:57,762 - watchfiles.main - INFO - 1 change detected
2026-01-03 10:46:58,163 - watchfiles.main - INFO - 1 change detected
2026-01-03 10:46:58,567 - watchfiles.main - INFO - 1 change detected
2026-01-03 10:46:58,978 - watchfiles.main - INFO - 1 change detected
2026-01-03 10:46:59,380 - watchfiles.main - INFO - 1 change detected
2026-01-03 10:46:59,732 - watchfiles.main - INFO - 1 change detected
2026-01-03 10:47:00,135 - watchfiles.main - INFO - 1 change detected
2026-01-03 10:47:00,548 - watchfiles.main - INFO - 1 change detected
2026-01-03 10:47:00,961 - watchfiles.main - INFO - 1 change detected
2026-01-03 10:47:01,312 - watchfiles.main - INFO - 1 change detected
2026-01-03 10:47:01,728 - watchfiles.main - INFO - 1 change detected
2026-01-03 10:47:02,131 - watchfiles.main - INFO - 1 change detected
2026-01-03 10:47:02,544 - watchfiles.main - INFO - 1 change detected
2026-01-03 10:47:02,948 - watchfiles.main - INFO - 1 change detected
2026-01-03 10:47:03,308 - watchfiles.main - INFO - 1 change detected
2026-01-03 10:47:03,714 - watchfiles.main - INFO - 1 change detected
2026-01-03 10:47:04,129 - watchfiles.main - INFO - 1 change detected
2026-01-03 10:47:04,546 - watchfiles.main - INFO - 1 change detected
2026-01-03 10:47:04,961 - watchfiles.main - INFO - 1 change detected
2026-01-03 10:47:05,363 - watchfiles.main - INFO - 1 change detected
2026-01-03 10:47:05,767 - watchfiles.main - INFO - 1 change detected
2026-01-03 10:47:06,169 - watchfiles.main - INFO - 1 change detected
2026-01-03 10:47:06,580 - watchfiles.main - INFO - 1 change detected
2026-01-03 10:47:06,995 - watchfiles.main - INFO - 1 change detected
2026-01-03 10:47:07,359 - watchfiles.main - INFO - 1 change detected
2026-01-03 10:47:07,712 - watchfiles.main - INFO - 1 change detected
2026-01-03 10:47:08,078 - watchfiles.main - INFO - 1 change detected
2026-01-03 10:47:08,443 - watchfiles.main - INFO - 1 change detected
2026-01-03 10:47:08,796 - watchfiles.main - INFO - 1 change detected
2026-01-03 10:47:09,149 - watchfiles.main - INFO - 1 change detected
2026-01-03 10:47:09,602 - watchfiles.main - INFO - 1 change detected
2026-01-03 10:47:09,954 - watchfiles.main - INFO - 1 change detected
2026-01-03 10:47:10,360 - watchfiles.main - INFO - 1 change detected
2026-01-03 10:47:10,779 - watchfiles.main - INFO - 1 change detected
2026-01-03 10:47:11,183 - watchfiles.main - INFO - 1 change detected
2026-01-03 10:47:11,597 - watchfiles.main - INFO - 1 change detected
2026-01-03 10:47:11,962 - watchfiles.main - INFO - 1 change detected
2026-01-03 10:47:12,378 - watchfiles.main - INFO - 1 change detected
2026-01-03 10:47:12,780 - watchfiles.main - INFO - 1 change detected
2026-01-03 10:47:13,146 - watchfiles.main - INFO - 1 change detected
2026-01-03 10:47:13,548 - watchfiles.main - INFO - 1 change detected
2026-01-03 10:47:13,959 - watchfiles.main - INFO - 1 change detected
2026-01-03 10:47:14,361 - watchfiles.main - INFO - 1 change detected
2026-01-03 10:47:14,763 - watchfiles.main - INFO - 1 change detected
2026-01-03 10:47:15,166 - watchfiles.main - INFO - 1 change detected
2026-01-03 10:47:15,577 - watchfiles.main - INFO - 1 change detected
2026-01-03 10:47:15,929 - watchfiles.main - INFO - 1 change detected
2026-01-03 10:47:16,331 - watchfiles.main - INFO - 1 change detected
2026-01-03 10:47:16,746 - watchfiles.main - INFO - 1 change detected
2026-01-03 10:47:17,162 - watchfiles.main - INFO - 1 change detected
2026-01-03 10:47:17,578 - watchfiles.main - INFO - 1 change detected
2026-01-03 10:47:17,980 - watchfiles.main - INFO - 1 change detected
2026-01-03 10:47:18,347 - watchfiles.main - INFO - 1 change detected
2026-01-03 10:47:18,760 - watchfiles.main - INFO - 1 change detected
2026-01-03 10:47:19,164 - watchfiles.main - INFO - 1 change detected
2026-01-03 10:47:19,580 - watchfiles.main - INFO - 1 change detected
2026-01-03 10:47:19,996 - watchfiles.main - INFO - 1 change detected
2026-01-03 10:47:20,364 - watchfiles.main - INFO - 1 change detected
2026-01-03 10:47:20,826 - watchfiles.main - INFO - 1 change detected
2026-01-03 10:47:21,229 - watchfiles.main - INFO - 1 change detected
2026-01-03 10:47:21,647 - watchfiles.main - INFO - 1 change detected
2026-01-03 10:47:22,012 - watchfiles.main - INFO - 1 change detected
2026-01-03 10:47:22,428 - watchfiles.main - INFO - 1 change detected
2026-01-03 10:47:22,842 - watchfiles.main - INFO - 1 change detected
2026-01-03 10:47:23,246 - watchfiles.main - INFO - 1 change detected
2026-01-03 10:47:23,650 - watchfiles.main - INFO - 1 change detected
2026-01-03 10:47:24,064 - watchfiles.main - INFO - 1 change detected
2026-01-03 10:47:24,430 - watchfiles.main - INFO - 1 change detected
2026-01-03 10:47:24,839 - watchfiles.main - INFO - 1 change detected
2026-01-03 10:47:25,296 - watchfiles.main - INFO - 1 change detected
2026-01-03 10:47:25,710 - watchfiles.main - INFO - 2 changes detected
2026-01-03 10:47:26,124 - watchfiles.main - INFO - 1 change detected
2026-01-03 10:47:26,530 - watchfiles.main - INFO - 1 change detected
2026-01-03 10:47:26,894 - watchfiles.main - INFO - 2 changes detected
2026-01-03 10:47:27,358 - watchfiles.main - INFO - 8 changes detected
2026-01-03 10:47:27,711 - watchfiles.main - INFO - 1 change detected
2026-01-03 10:47:28,065 - watchfiles.main - INFO - 1 change detected
2026-01-03 10:47:28,428 - watchfiles.main - INFO - 1 change detected
2026-01-03 10:47:28,795 - watchfiles.main - INFO - 1 change detected
2026-01-03 10:47:29,198 - watchfiles.main - INFO - 1 change detected
2026-01-03 10:47:29,565 - watchfiles.main - INFO - 1 change detected
2026-01-03 10:47:29,979 - watchfiles.main - INFO - 1 change detected
2026-01-03 10:47:30,394 - watchfiles.main - INFO - 1 change detected
2026-01-03 10:47:30,808 - watchfiles.main - INFO - 1 change detected
2026-01-03 10:47:31,174 - watchfiles.main - INFO - 1 change detected
2026-01-03 10:47:31,577 - watchfiles.main - INFO - 1 change detected
2026-01-03 10:47:31,980 - watchfiles.main - INFO - 1 change detected
2026-01-03 10:47:32,395 - watchfiles.main - INFO - 1 change detected
2026-01-03 10:47:32,762 - watchfiles.main - INFO - 1 change detected
2026-01-03 10:47:33,177 - watchfiles.main - INFO - 1 change detected
2026-01-03 10:47:33,584 - watchfiles.main - INFO - 1 change detected
2026-01-03 10:47:33,945 - watchfiles.main - INFO - 1 change detected
2026-01-03 10:47:34,361 - watchfiles.main - INFO - 1 change detected
2026-01-03 10:47:34,713 - watchfiles.main - INFO - 1 change detected
2026-01-03 10:47:35,119 - watchfiles.main - INFO - 1 change detected
2026-01-03 10:47:35,520 - watchfiles.main - INFO - 1 change detected
2026-01-03 10:47:35,924 - watchfiles.main - INFO - 1 change detected
2026-01-03 10:47:36,328 - watchfiles.main - INFO - 1 change detected
2026-01-03 10:47:36,745 - watchfiles.main - INFO - 1 change detected
2026-01-03 10:47:37,150 - watchfiles.main - INFO - 1 change detected
2026-01-03 10:47:37,561 - watchfiles.main - INFO - 1 change detected
2026-01-03 10:47:37,926 - watchfiles.main - INFO - 1 change detected
2026-01-03 10:47:38,328 - watchfiles.main - INFO - 1 change detected
2026-01-03 10:47:38,744 - watchfiles.main - INFO - 1 change detected
2026-01-03 10:47:39,145 - watchfiles.main - INFO - 1 change detected
2026-01-03 10:47:39,561 - watchfiles.main - INFO - 1 change detected
2026-01-03 10:47:39,977 - watchfiles.main - INFO - 1 change detected
2026-01-03 10:47:40,345 - watchfiles.main - INFO - 1 change detected
2026-01-03 10:47:40,760 - watchfiles.main - INFO - 1 change detected
2026-01-03 10:47:41,112 - watchfiles.main - INFO - 1 change detected
2026-01-03 10:47:41,520 - watchfiles.main - INFO - 1 change detected
2026-01-03 10:47:41,928 - watchfiles.main - INFO - 1 change detected
2026-01-03 10:47:42,286 - watchfiles.main - INFO - 1 change detected
2026-01-03 10:47:42,695 - watchfiles.main - INFO - 1 change detected
2026-01-03 10:47:43,061 - watchfiles.main - INFO - 1 change detected
2026-01-03 10:47:43,225 - app.api.ltrc - INFO - Processing tournament: 4vs4 with 8 players
2026-01-03 10:47:43,226 - app.services.ltrc_processor - INFO - Processing 4vs4 tournament with 8 players
2026-01-03 10:47:43,226 - app.services.ltrc_processor - INFO - Reading player data from Google Sheets
2026-01-03 10:47:43,477 - watchfiles.main - INFO - 1 change detected
2026-01-03 10:47:43,894 - watchfiles.main - INFO - 1 change detected
2026-01-03 10:47:44,260 - watchfiles.main - INFO - 1 change detected
2026-01-03 10:47:44,661 - watchfiles.main - INFO - 1 change detected
2026-01-03 10:47:44,734 - app.services.ltrc_processor - INFO - Read 72 players from Playerdata sheet
2026-01-03 10:47:44,734 - app.services.ltrc_processor - INFO - Read 71 players from Placements sheet
2026-01-03 10:47:44,960 - app.services.ltrc_processor - INFO - Tournament processed successfully: LTRC_S4E69
2026-01-03 10:47:44,962 - app.api.ltrc - INFO - Tournament processed successfully: LTRC_S4E69
2026-01-03 10:47:45,078 - watchfiles.main - INFO - 1 change detected
2026-01-03 10:47:45,491 - watchfiles.main - INFO - 1 change detected
2026-01-03 10:47:45,895 - watchfiles.main - INFO - 1 change detected
2026-01-03 10:47:46,309 - watchfiles.main - INFO - 1 change detected
2026-01-03 10:47:46,710 - watchfiles.main - INFO - 1 change detected
2026-01-03 10:47:47,113 - watchfiles.main - INFO - 1 change detected
2026-01-03 10:47:47,479 - watchfiles.main - INFO - 1 change detected
2026-01-03 10:47:47,882 - watchfiles.main - INFO - 1 change detected
2026-01-03 10:47:48,297 - watchfiles.main - INFO - 1 change detected
2026-01-03 10:47:48,658 - watchfiles.main - INFO - 1 change detected
2026-01-03 10:47:49,062 - watchfiles.main - INFO - 1 change detected
2026-01-03 10:47:49,465 - watchfiles.main - INFO - 1 change detected
2026-01-03 10:47:49,880 - watchfiles.main - INFO - 1 change detected
2026-01-03 10:47:50,290 - watchfiles.main - INFO - 1 change detected
2026-01-03 10:47:50,694 - watchfiles.main - INFO - 1 change detected
2026-01-03 10:47:51,097 - watchfiles.main - INFO - 1 change detected
2026-01-03 10:47:51,462 - watchfiles.main - INFO - 1 change detected
2026-01-03 10:47:51,879 - watchfiles.main - INFO - 1 change detected
2026-01-03 10:47:52,294 - watchfiles.main - INFO - 1 change detected
2026-01-03 10:47:52,697 - watchfiles.main - INFO - 1 change detected
2026-01-03 10:47:53,109 - watchfiles.main - INFO - 1 change detected
2026-01-03 10:47:53,512 - watchfiles.main - INFO - 1 change detected
2026-01-03 10:47:53,913 - watchfiles.main - INFO - 1 change detected
2026-01-03 10:47:54,329 - watchfiles.main - INFO - 1 change detected
2026-01-03 10:47:54,696 - watchfiles.main - INFO - 1 change detected
2026-01-03 10:47:55,109 - watchfiles.main - INFO - 1 change detected
2026-01-03 10:47:55,511 - watchfiles.main - INFO - 1 change detected
2026-01-03 10:47:55,917 - watchfiles.main - INFO - 1 change detected
2026-01-03 10:47:56,275 - watchfiles.main - INFO - 1 change detected
2026-01-03 10:47:56,679 - watchfiles.main - INFO - 1 change detected
2026-01-03 10:47:57,084 - watchfiles.main - INFO - 1 change detected
2026-01-03 10:47:57,488 - watchfiles.main - INFO - 1 change detected
2026-01-03 10:47:57,895 - watchfiles.main - INFO - 1 change detected
2026-01-03 10:47:58,311 - watchfiles.main - INFO - 1 change detected
2026-01-03 10:47:58,675 - watchfiles.main - INFO - 1 change detected
2026-01-03 10:47:59,085 - watchfiles.main - INFO - 1 change detected
2026-01-03 10:47:59,495 - watchfiles.main - INFO - 1 change detected
2026-01-03 10:47:59,899 - watchfiles.main - INFO - 1 change detected
2026-01-03 10:48:00,309 - watchfiles.main - INFO - 1 change detected
2026-01-03 10:48:00,661 - watchfiles.main - INFO - 1 change detected
2026-01-03 10:48:01,071 - watchfiles.main - INFO - 1 change detected
2026-01-03 10:48:01,478 - watchfiles.main - INFO - 1 change detected
2026-01-03 10:48:01,841 - watchfiles.main - INFO - 1 change detected
2026-01-03 10:48:02,246 - watchfiles.main - INFO - 1 change detected
2026-01-03 10:48:02,659 - watchfiles.main - INFO - 1 change detected
2026-01-03 10:48:03,062 - watchfiles.main - INFO - 1 change detected
2026-01-03 10:48:03,465 - watchfiles.main - INFO - 1 change detected
2026-01-03 10:48:03,879 - watchfiles.main - INFO - 1 change detected
2026-01-03 10:48:04,295 - watchfiles.main - INFO - 1 change detected
2026-01-03 10:48:04,657 - watchfiles.main - INFO - 1 change detected
2026-01-03 10:48:05,063 - watchfiles.main - INFO - 1 change detected
2026-01-03 10:48:05,479 - watchfiles.main - INFO - 1 change detected
2026-01-03 10:48:05,897 - watchfiles.main - INFO - 1 change detected
2026-01-03 10:48:06,314 - watchfiles.main - INFO - 1 change detected
2026-01-03 10:48:06,727 - watchfiles.main - INFO - 1 change detected
2026-01-03 10:48:07,094 - watchfiles.main - INFO - 1 change detected
2026-01-03 10:48:07,548 - watchfiles.main - INFO - 1 change detected
2026-01-03 10:48:07,962 - watchfiles.main - INFO - 1 change detected
2026-01-03 10:48:08,328 - watchfiles.main - INFO - 1 change detected
2026-01-03 10:48:08,745 - watchfiles.main - INFO - 1 change detected
2026-01-03 10:48:09,099 - watchfiles.main - INFO - 1 change detected
2026-01-03 10:48:09,517 - watchfiles.main - INFO - 1 change detected
2026-01-03 10:48:09,930 - watchfiles.main - INFO - 1 change detected
2026-01-03 10:48:10,347 - watchfiles.main - INFO - 1 change detected
2026-01-03 10:48:10,705 - watchfiles.main - INFO - 1 change detected
2026-01-03 10:48:11,111 - watchfiles.main - INFO - 1 change detected
2026-01-03 10:48:11,518 - watchfiles.main - INFO - 1 change detected
2026-01-03 10:48:11,921 - watchfiles.main - INFO - 1 change detected
2026-01-03 10:48:12,330 - watchfiles.main - INFO - 1 change detected
2026-01-03 10:48:12,745 - watchfiles.main - INFO - 1 change detected
2026-01-03 10:48:13,153 - watchfiles.main - INFO - 1 change detected
2026-01-03 10:48:13,562 - watchfiles.main - INFO - 1 change detected
2026-01-03 10:48:13,928 - watchfiles.main - INFO - 1 change detected
2026-01-03 10:48:14,330 - watchfiles.main - INFO - 1 change detected
2026-01-03 10:48:14,746 - watchfiles.main - INFO - 1 change detected
2026-01-03 10:48:15,163 - watchfiles.main - INFO - 1 change detected
2026-01-03 10:48:15,567 - watchfiles.main - INFO - 1 change detected
2026-01-03 10:48:15,978 - watchfiles.main - INFO - 1 change detected
2026-01-03 10:48:16,342 - watchfiles.main - INFO - 1 change detected
2026-01-03 10:48:16,694 - watchfiles.main - INFO - 1 change detected
2026-01-03 10:48:17,098 - watchfiles.main - INFO - 1 change detected
2026-01-03 10:48:17,511 - watchfiles.main - INFO - 1 change detected
2026-01-03 10:48:17,927 - watchfiles.main - INFO - 1 change detected
2026-01-03 10:48:18,343 - watchfiles.main - INFO - 1 change detected
2026-01-03 10:48:18,764 - watchfiles.main - INFO - 1 change detected
2026-01-03 10:48:19,176 - watchfiles.main - INFO - 1 change detected
2026-01-03 10:48:19,581 - watchfiles.main - INFO - 1 change detected
2026-01-03 10:48:19,946 - watchfiles.main - INFO - 1 change detected
2026-01-03 10:48:20,358 - watchfiles.main - INFO - 1 change detected
2026-01-03 10:48:20,770 - watchfiles.main - INFO - 1 change detected
2026-01-03 10:48:21,178 - watchfiles.main - INFO - 1 change detected
2026-01-03 10:48:21,581 - watchfiles.main - INFO - 1 change detected
2026-01-03 10:48:21,933 - watchfiles.main - INFO - 1 change detected
2026-01-03 10:48:22,341 - watchfiles.main - INFO - 1 change detected
2026-01-03 10:48:22,744 - watchfiles.main - INFO - 1 change detected
2026-01-03 10:48:23,148 - watchfiles.main - INFO - 1 change detected
2026-01-03 10:48:23,512 - watchfiles.main - INFO - 1 change detected
2026-01-03 10:48:23,964 - watchfiles.main - INFO - 1 change detected
2026-01-03 10:48:24,327 - watchfiles.main - INFO - 1 change detected
2026-01-03 10:48:24,728 - watchfiles.main - INFO - 1 change detected
2026-01-03 10:48:25,145 - watchfiles.main - INFO - 1 change detected
2026-01-03 10:48:25,547 - watchfiles.main - INFO - 1 change detected
2026-01-03 10:48:25,961 - watchfiles.main - INFO - 1 change detected
2026-01-03 10:48:26,364 - watchfiles.main - INFO - 1 change detected
2026-01-03 10:48:26,776 - watchfiles.main - INFO - 1 change detected
2026-01-03 10:48:27,178 - watchfiles.main - INFO - 1 change detected
2026-01-03 10:48:27,580 - watchfiles.main - INFO - 1 change detected
2026-01-03 10:48:27,946 - watchfiles.main - INFO - 1 change detected
2026-01-03 10:48:28,348 - watchfiles.main - INFO - 1 change detected
2026-01-03 10:48:28,763 - watchfiles.main - INFO - 1 change detected
2026-01-03 10:48:29,169 - watchfiles.main - INFO - 1 change detected
2026-01-03 10:48:29,576 - watchfiles.main - INFO - 1 change detected
2026-01-03 10:48:29,981 - watchfiles.main - INFO - 1 change detected
2026-01-03 10:48:30,394 - watchfiles.main - INFO - 1 change detected
2026-01-03 10:48:30,797 - watchfiles.main - INFO - 1 change detected
2026-01-03 10:48:31,213 - watchfiles.main - INFO - 1 change detected
2026-01-03 10:48:31,578 - watchfiles.main - INFO - 1 change detected
2026-01-03 10:48:31,995 - watchfiles.main - INFO - 1 change detected
2026-01-03 10:48:32,410 - watchfiles.main - INFO - 1 change detected
2026-01-03 10:48:32,814 - watchfiles.main - INFO - 1 change detected
2026-01-03 10:48:33,230 - watchfiles.main - INFO - 1 change detected
2026-01-03 10:48:33,648 - watchfiles.main - INFO - 1 change detected
2026-01-03 10:48:34,060 - watchfiles.main - INFO - 1 change detected
2026-01-03 10:48:34,461 - watchfiles.main - INFO - 1 change detected
2026-01-03 10:48:34,878 - watchfiles.main - INFO - 1 change detected
2026-01-03 10:48:35,239 - watchfiles.main - INFO - 2 changes detected
2026-01-03 10:48:35,643 - watchfiles.main - INFO - 1 change detected
2026-01-03 10:48:36,045 - watchfiles.main - INFO - 1 change detected
2026-01-03 10:48:36,462 - watchfiles.main - INFO - 1 change detected
2026-01-03 10:48:36,878 - watchfiles.main - INFO - 1 change detected
2026-01-03 10:48:37,243 - watchfiles.main - INFO - 1 change detected
2026-01-03 10:48:37,605 - watchfiles.main - INFO - 1 change detected
2026-01-03 10:48:37,956 - watchfiles.main - INFO - 1 change detected
2026-01-03 10:48:38,310 - watchfiles.main - INFO - 1 change detected
2026-01-03 10:48:38,662 - watchfiles.main - INFO - 1 change detected
2026-01-03 10:48:39,017 - watchfiles.main - INFO - 1 change detected
2026-01-03 10:48:39,428 - watchfiles.main - INFO - 1 change detected
2026-01-03 10:48:39,843 - watchfiles.main - INFO - 1 change detected
2026-01-03 10:48:40,245 - watchfiles.main - INFO - 1 change detected
2026-01-03 10:48:40,648 - watchfiles.main - INFO - 1 change detected
2026-01-03 10:48:41,050 - watchfiles.main - INFO - 1 change detected
2026-01-03 10:48:41,463 - watchfiles.main - INFO - 1 change detected
2026-01-03 10:48:41,878 - watchfiles.main - INFO - 1 change detected
2026-01-03 10:48:42,279 - watchfiles.main - INFO - 1 change detected
2026-01-03 10:48:42,695 - watchfiles.main - INFO - 1 change detected
2026-01-03 10:48:43,062 - watchfiles.main - INFO - 1 change detected
2026-01-03 10:48:43,474 - watchfiles.main - INFO - 1 change detected
2026-01-03 10:48:43,880 - watchfiles.main - INFO - 1 change detected
2026-01-03 10:48:44,283 - watchfiles.main - INFO - 1 change detected
2026-01-03 10:48:44,693 - watchfiles.main - INFO - 1 change detected
2026-01-03 10:48:45,112 - watchfiles.main - INFO - 1 change detected
2026-01-03 10:48:45,527 - watchfiles.main - INFO - 1 change detected
2026-01-03 10:48:45,890 - watchfiles.main - INFO - 1 change detected
2026-01-03 10:48:46,293 - watchfiles.main - INFO - 1 change detected
2026-01-03 10:48:46,695 - watchfiles.main - INFO - 1 change detected
2026-01-03 10:48:47,109 - watchfiles.main - INFO - 1 change detected
2026-01-03 10:48:47,562 - watchfiles.main - INFO - 1 change detected
2026-01-03 10:48:47,928 - watchfiles.main - INFO - 1 change detected
2026-01-03 10:48:48,337 - watchfiles.main - INFO - 1 change detected
2026-01-03 10:48:48,739 - watchfiles.main - INFO - 1 change detected
2026-01-03 10:48:49,146 - watchfiles.main - INFO - 1 change detected
2026-01-03 10:48:49,513 - watchfiles.main - INFO - 1 change detected
2026-01-03 10:48:49,914 - watchfiles.main - INFO - 1 change detected
2026-01-03 10:48:50,330 - watchfiles.main - INFO - 1 change detected
2026-01-03 10:48:50,692 - watchfiles.main - INFO - 1 change detected
2026-01-03 10:48:51,093 - watchfiles.main - INFO - 1 change detected
2026-01-03 10:48:51,496 - watchfiles.main - INFO - 1 change detected
2026-01-03 10:48:51,912 - watchfiles.main - INFO - 1 change detected
2026-01-03 10:48:52,279 - watchfiles.main - INFO - 1 change detected
2026-01-03 10:48:52,682 - watchfiles.main - INFO - 1 change detected
2026-01-03 10:48:53,087 - watchfiles.main - INFO - 1 change detected
2026-01-03 10:48:53,497 - watchfiles.main - INFO - 1 change detected
2026-01-03 10:48:53,899 - watchfiles.main - INFO - 1 change detected
2026-01-03 10:48:54,313 - watchfiles.main - INFO - 1 change detected
2026-01-03 10:48:54,727 - watchfiles.main - INFO - 1 change detected
2026-01-03 10:48:55,130 - watchfiles.main - INFO - 1 change detected
2026-01-03 10:48:55,497 - watchfiles.main - INFO - 1 change detected
2026-01-03 10:48:55,912 - watchfiles.main - INFO - 1 change detected
2026-01-03 10:48:56,328 - watchfiles.main - INFO - 1 change detected
2026-01-03 10:48:56,694 - watchfiles.main - INFO - 1 change detected
2026-01-03 10:48:57,111 - watchfiles.main - INFO - 1 change detected
2026-01-03 10:48:57,514 - watchfiles.main - INFO - 1 change detected
2026-01-03 10:48:57,929 - watchfiles.main - INFO - 1 change detected
2026-01-03 10:48:58,295 - watchfiles.main - INFO - 1 change detected
2026-01-03 10:48:58,647 - watchfiles.main - INFO - 1 change detected
2026-01-03 10:48:59,010 - watchfiles.main - INFO - 1 change detected
2026-01-03 10:48:59,414 - watchfiles.main - INFO - 1 change detected
2026-01-03 10:48:59,845 - watchfiles.main - INFO - 1 change detected
2026-01-03 10:49:00,250 - watchfiles.main - INFO - 1 change detected
2026-01-03 10:49:00,610 - watchfiles.main - INFO - 1 change detected
2026-01-03 10:49:01,017 - watchfiles.main - INFO - 1 change detected
2026-01-03 10:49:01,428 - watchfiles.main - INFO - 1 change detected
2026-01-03 10:49:01,881 - watchfiles.main - INFO - 1 change detected
2026-01-03 10:49:02,244 - watchfiles.main - INFO - 1 change detected
2026-01-03 10:49:02,646 - watchfiles.main - INFO - 1 change detected
2026-01-03 10:49:03,063 - watchfiles.main - INFO - 1 change detected
2026-01-03 10:49:03,478 - watchfiles.main - INFO - 1 change detected
2026-01-03 10:49:03,881 - watchfiles.main - INFO - 1 change detected
2026-01-03 10:49:04,295 - watchfiles.main - INFO - 1 change detected
2026-01-03 10:49:04,697 - watchfiles.main - INFO - 1 change detected
2026-01-03 10:49:05,111 - watchfiles.main - INFO - 1 change detected
2026-01-03 10:49:05,479 - watchfiles.main - INFO - 1 change detected
2026-01-03 10:49:05,675 - ltrc_manager - INFO - LTRC Manager API shutting down...
2026-01-03 10:49:06,143 - watchfiles.main - INFO - 1 change detected
2026-01-03 10:49:06,494 - watchfiles.main - INFO - 1 change detected
2026-01-03 10:49:06,858 - watchfiles.main - INFO - 6 changes detected
2026-01-03 10:49:07,211 - watchfiles.main - INFO - 1 change detected
2026-01-03 10:49:07,564 - watchfiles.main - INFO - 1 change detected
2026-01-03 10:49:07,925 - watchfiles.main - INFO - 1 change detected
2026-01-03 10:49:08,277 - watchfiles.main - INFO - 1 change detected
2026-01-03 10:49:08,643 - watchfiles.main - INFO - 1 change detected
2026-01-03 10:49:09,045 - watchfiles.main - INFO - 1 change detected
2026-01-03 10:49:09,454 - watchfiles.main - INFO - 1 change detected
2026-01-03 10:49:09,860 - watchfiles.main - INFO - 1 change detected
2026-01-03 10:49:10,223 - watchfiles.main - INFO - 1 change detected
2026-01-03 10:49:10,629 - watchfiles.main - INFO - 1 change detected
2026-01-03 10:49:10,994 - watchfiles.main - INFO - 1 change detected
2026-01-03 10:49:11,352 - watchfiles.main - INFO - 1 change detected
2026-01-03 10:49:11,712 - watchfiles.main - INFO - 1 change detected
2026-01-03 10:49:12,069 - watchfiles.main - INFO - 1 change detected
2026-01-03 10:49:12,427 - watchfiles.main - INFO - 1 change detected
2026-01-03 10:49:13,749 - watchfiles.main - INFO - 6 changes detected
2026-01-03 10:49:20,728 - ltrc_manager - INFO - Logging initialized at INFO level
2026-01-03 10:49:20,923 - ltrc_manager - INFO - Logging initialized at INFO level
2026-01-03 10:49:20,927 - ltrc_manager - INFO - LTRC Manager API starting up...
2026-01-03 10:49:20,928 - watchfiles.main - INFO - 1 change detected
2026-01-03 10:49:21,279 - watchfiles.main - INFO - 1 change detected
2026-01-03 10:49:21,691 - watchfiles.main - INFO - 1 change detected
2026-01-03 10:49:22,108 - watchfiles.main - INFO - 1 change detected
2026-01-03 10:49:22,512 - watchfiles.main - INFO - 1 change detected
2026-01-03 10:49:22,870 - watchfiles.main - INFO - 1 change detected
2026-01-03 10:49:23,277 - watchfiles.main - INFO - 1 change detected
2026-01-03 10:49:23,695 - watchfiles.main - INFO - 1 change detected
2026-01-03 10:49:24,112 - watchfiles.main - INFO - 1 change detected
2026-01-03 10:49:24,515 - watchfiles.main - INFO - 1 change detected
2026-01-03 10:49:24,928 - watchfiles.main - INFO - 1 change detected
2026-01-03 10:49:25,329 - watchfiles.main - INFO - 1 change detected
2026-01-03 10:49:25,746 - watchfiles.main - INFO - 1 change detected
2026-01-03 10:49:26,150 - watchfiles.main - INFO - 1 change detected
2026-01-03 10:49:26,555 - watchfiles.main - INFO - 1 change detected
2026-01-03 10:49:26,912 - watchfiles.main - INFO - 1 change detected
2026-01-03 10:49:27,329 - watchfiles.main - INFO - 1 change detected
2026-01-03 10:49:27,745 - watchfiles.main - INFO - 1 change detected
2026-01-03 10:49:28,147 - watchfiles.main - INFO - 1 change detected
2026-01-03 10:49:28,550 - watchfiles.main - INFO - 1 change detected
2026-01-03 10:49:29,013 - watchfiles.main - INFO - 1 change detected
2026-01-03 10:49:29,379 - watchfiles.main - INFO - 1 change detected
2026-01-03 10:49:29,796 - watchfiles.main - INFO - 1 change detected
2026-01-03 10:49:30,210 - watchfiles.main - INFO - 1 change detected
2026-01-03 10:49:30,611 - watchfiles.main - INFO - 1 change detected
2026-01-03 10:49:30,977 - watchfiles.main - INFO - 1 change detected
2026-01-03 10:49:31,330 - watchfiles.main - INFO - 1 change detected
2026-01-03 10:49:31,682 - watchfiles.main - INFO - 1 change detected
2026-01-03 10:49:32,048 - watchfiles.main - INFO - 1 change detected
2026-01-03 10:49:32,412 - watchfiles.main - INFO - 1 change detected
2026-01-03 10:49:32,778 - watchfiles.main - INFO - 1 change detected
2026-01-03 10:49:33,147 - watchfiles.main - INFO - 1 change detected
2026-01-03 10:49:33,562 - watchfiles.main - INFO - 1 change detected
2026-01-03 10:49:33,980 - watchfiles.main - INFO - 1 change detected
2026-01-03 10:49:34,396 - watchfiles.main - INFO - 1 change detected
2026-01-03 10:49:34,813 - watchfiles.main - INFO - 1 change detected
2026-01-03 10:49:35,230 - watchfiles.main - INFO - 1 change detected
2026-01-03 10:49:35,596 - watchfiles.main - INFO - 1 change detected
2026-01-03 10:49:36,013 - watchfiles.main - INFO - 1 change detected
2026-01-03 10:49:36,427 - watchfiles.main - INFO - 1 change detected
2026-01-03 10:49:36,845 - watchfiles.main - INFO - 1 change detected
2026-01-03 10:49:37,262 - watchfiles.main - INFO - 1 change detected
2026-01-03 10:49:37,626 - watchfiles.main - INFO - 1 change detected
2026-01-03 10:49:38,030 - watchfiles.main - INFO - 1 change detected
2026-01-03 10:49:38,442 - watchfiles.main - INFO - 1 change detected
2026-01-03 10:49:38,844 - watchfiles.main - INFO - 1 change detected
2026-01-03 10:49:39,245 - watchfiles.main - INFO - 1 change detected
2026-01-03 10:49:39,659 - watchfiles.main - INFO - 1 change detected
2026-01-03 10:49:40,013 - watchfiles.main - INFO - 1 change detected
2026-01-03 10:49:40,419 - watchfiles.main - INFO - 1 change detected
2026-01-03 10:49:40,778 - watchfiles.main - INFO - 1 change detected
2026-01-03 10:49:41,140 - watchfiles.main - INFO - 1 change detected
2026-01-03 10:49:41,494 - watchfiles.main - INFO - 1 change detected
2026-01-03 10:49:41,861 - watchfiles.main - INFO - 1 change detected
2026-01-03 10:49:42,227 - watchfiles.main - INFO - 1 change detected
2026-01-03 10:49:42,630 - watchfiles.main - INFO - 1 change detected
2026-01-03 10:49:43,043 - watchfiles.main - INFO - 1 change detected
2026-01-03 10:49:43,450 - watchfiles.main - INFO - 1 change detected
2026-01-03 10:49:43,862 - watchfiles.main - INFO - 1 change detected
2026-01-03 10:49:44,279 - watchfiles.main - INFO - 1 change detected
2026-01-03 10:49:44,646 - watchfiles.main - INFO - 1 change detected
2026-01-03 10:49:45,062 - watchfiles.main - INFO - 1 change detected
2026-01-03 10:49:45,466 - watchfiles.main - INFO - 1 change detected
2026-01-03 10:49:45,879 - watchfiles.main - INFO - 1 change detected
2026-01-03 10:49:46,292 - watchfiles.main - INFO - 1 change detected
2026-01-03 10:49:46,695 - watchfiles.main - INFO - 1 change detected
2026-01-03 10:49:47,112 - watchfiles.main - INFO - 1 change detected
2026-01-03 10:49:47,527 - watchfiles.main - INFO - 1 change detected
2026-01-03 10:49:47,942 - watchfiles.main - INFO - 1 change detected
2026-01-03 10:49:48,344 - watchfiles.main - INFO - 1 change detected
2026-01-03 10:49:48,760 - watchfiles.main - INFO - 1 change detected
2026-01-03 10:49:49,162 - watchfiles.main - INFO - 1 change detected
2026-01-03 10:49:49,565 - watchfiles.main - INFO - 1 change detected
2026-01-03 10:49:49,979 - watchfiles.main - INFO - 1 change detected
2026-01-03 10:49:50,381 - watchfiles.main - INFO - 1 change detected
2026-01-03 10:49:50,797 - watchfiles.main - INFO - 1 change detected
2026-01-03 10:49:51,163 - watchfiles.main - INFO - 1 change detected
2026-01-03 10:49:51,578 - watchfiles.main - INFO - 1 change detected
2026-01-03 10:49:51,996 - watchfiles.main - INFO - 1 change detected
2026-01-03 10:49:52,356 - watchfiles.main - INFO - 1 change detected
2026-01-03 10:49:52,760 - watchfiles.main - INFO - 1 change detected
2026-01-03 10:49:53,174 - watchfiles.main - INFO - 1 change detected
2026-01-03 10:49:53,580 - watchfiles.main - INFO - 1 change detected
2026-01-03 10:49:53,945 - watchfiles.main - INFO - 1 change detected
2026-01-03 10:49:54,397 - watchfiles.main - INFO - 1 change detected
2026-01-03 10:49:54,758 - watchfiles.main - INFO - 1 change detected
2026-01-03 10:49:55,162 - watchfiles.main - INFO - 1 change detected
2026-01-03 10:49:55,577 - watchfiles.main - INFO - 1 change detected
2026-01-03 10:49:55,980 - watchfiles.main - INFO - 1 change detected
2026-01-03 10:49:56,384 - watchfiles.main - INFO - 1 change detected
2026-01-03 10:49:56,795 - watchfiles.main - INFO - 1 change detected
2026-01-03 10:49:57,197 - watchfiles.main - INFO - 1 change detected
2026-01-03 10:49:57,603 - watchfiles.main - INFO - 1 change detected
2026-01-03 10:49:58,012 - watchfiles.main - INFO - 1 change detected
2026-01-03 10:49:58,377 - watchfiles.main - INFO - 1 change detected
2026-01-03 10:49:58,780 - watchfiles.main - INFO - 1 change detected
2026-01-03 10:49:59,133 - watchfiles.main - INFO - 1 change detected
2026-01-03 10:49:59,545 - watchfiles.main - INFO - 1 change detected
2026-01-03 10:49:59,948 - watchfiles.main - INFO - 1 change detected
2026-01-03 10:50:00,363 - watchfiles.main - INFO - 1 change detected
2026-01-03 10:50:00,728 - watchfiles.main - INFO - 1 change detected
2026-01-03 10:50:01,130 - watchfiles.main - INFO - 1 change detected
2026-01-03 10:50:01,545 - watchfiles.main - INFO - 1 change detected
2026-01-03 10:50:01,947 - watchfiles.main - INFO - 1 change detected
2026-01-03 10:50:02,350 - watchfiles.main - INFO - 1 change detected
2026-01-03 10:50:02,753 - watchfiles.main - INFO - 1 change detected
2026-01-03 10:50:03,155 - watchfiles.main - INFO - 1 change detected
2026-01-03 10:50:03,561 - watchfiles.main - INFO - 1 change detected
2026-01-03 10:50:03,979 - watchfiles.main - INFO - 1 change detected
2026-01-03 10:50:04,384 - watchfiles.main - INFO - 1 change detected
2026-01-03 10:50:04,796 - watchfiles.main - INFO - 1 change detected
2026-01-03 10:50:05,153 - watchfiles.main - INFO - 1 change detected
2026-01-03 10:50:05,561 - watchfiles.main - INFO - 1 change detected
2026-01-03 10:50:05,962 - watchfiles.main - INFO - 1 change detected
2026-01-03 10:50:06,364 - watchfiles.main - INFO - 1 change detected
2026-01-03 10:50:06,778 - watchfiles.main - INFO - 1 change detected
2026-01-03 10:50:07,194 - watchfiles.main - INFO - 1 change detected
2026-01-03 10:50:07,548 - watchfiles.main - INFO - 1 change detected
2026-01-03 10:50:07,899 - watchfiles.main - INFO - 1 change detected
2026-01-03 10:50:08,252 - watchfiles.main - INFO - 1 change detected
2026-01-03 10:50:08,661 - watchfiles.main - INFO - 1 change detected
2026-01-03 10:50:09,064 - watchfiles.main - INFO - 1 change detected
2026-01-03 10:50:09,466 - watchfiles.main - INFO - 1 change detected
2026-01-03 10:50:09,878 - watchfiles.main - INFO - 1 change detected
2026-01-03 10:50:10,294 - watchfiles.main - INFO - 1 change detected
2026-01-03 10:50:10,708 - watchfiles.main - INFO - 1 change detected
2026-01-03 10:50:11,061 - watchfiles.main - INFO - 1 change detected
2026-01-03 10:50:11,462 - watchfiles.main - INFO - 1 change detected
2026-01-03 10:50:11,878 - watchfiles.main - INFO - 1 change detected
2026-01-03 10:50:12,293 - watchfiles.main - INFO - 1 change detected
2026-01-03 10:50:12,658 - watchfiles.main - INFO - 1 change detected
2026-01-03 10:50:13,073 - watchfiles.main - INFO - 1 change detected
2026-01-03 10:50:13,476 - watchfiles.main - INFO - 1 change detected
2026-01-03 10:50:13,878 - watchfiles.main - INFO - 1 change detected
2026-01-03 10:50:14,294 - watchfiles.main - INFO - 1 change detected
2026-01-03 10:50:14,696 - watchfiles.main - INFO - 1 change detected
2026-01-03 10:50:15,106 - watchfiles.main - INFO - 1 change detected
2026-01-03 10:50:15,512 - watchfiles.main - INFO - 1 change detected
2026-01-03 10:50:15,921 - watchfiles.main - INFO - 1 change detected
2026-01-03 10:50:16,279 - watchfiles.main - INFO - 1 change detected
2026-01-03 10:50:16,697 - watchfiles.main - INFO - 1 change detected
2026-01-03 10:50:17,104 - watchfiles.main - INFO - 1 change detected
2026-01-03 10:50:17,520 - watchfiles.main - INFO - 1 change detected
2026-01-03 10:50:17,928 - watchfiles.main - INFO - 1 change detected
2026-01-03 10:50:18,330 - watchfiles.main - INFO - 1 change detected
2026-01-03 10:50:18,693 - watchfiles.main - INFO - 1 change detected
2026-01-03 10:50:19,096 - watchfiles.main - INFO - 1 change detected
2026-01-03 10:50:19,511 - watchfiles.main - INFO - 1 change detected
2026-01-03 10:50:19,929 - watchfiles.main - INFO - 1 change detected
2026-01-03 10:50:20,295 - watchfiles.main - INFO - 1 change detected
2026-01-03 10:50:20,697 - watchfiles.main - INFO - 1 change detected
2026-01-03 10:50:21,111 - watchfiles.main - INFO - 1 change detected
2026-01-03 10:50:21,526 - watchfiles.main - INFO - 1 change detected
2026-01-03 10:50:21,930 - watchfiles.main - INFO - 1 change detected
2026-01-03 10:50:22,345 - watchfiles.main - INFO - 1 change detected
2026-01-03 10:50:22,710 - watchfiles.main - INFO - 1 change detected
2026-01-03 10:50:23,113 - watchfiles.main - INFO - 1 change detected
2026-01-03 10:50:23,528 - watchfiles.main - INFO - 1 change detected
2026-01-03 10:50:23,931 - watchfiles.main - INFO - 1 change detected
2026-01-03 10:50:24,341 - watchfiles.main - INFO - 1 change detected
2026-01-03 10:50:24,745 - watchfiles.main - INFO - 1 change detected
2026-01-03 10:50:25,110 - watchfiles.main - INFO - 1 change detected
2026-01-03 10:50:25,521 - watchfiles.main - INFO - 1 change detected
2026-01-03 10:50:25,930 - watchfiles.main - INFO - 1 change detected
2026-01-03 10:50:26,334 - watchfiles.main - INFO - 1 change detected
2026-01-03 10:50:26,690 - watchfiles.main - INFO - 1 change detected
2026-01-03 10:50:27,095 - watchfiles.main - INFO - 1 change detected
2026-01-03 10:50:27,502 - watchfiles.main - INFO - 2 changes detected
2026-01-03 10:50:27,860 - watchfiles.main - INFO - 1 change detected
2026-01-03 10:50:28,263 - watchfiles.main - INFO - 1 change detected
2026-01-03 10:50:28,675 - watchfiles.main - INFO - 5 changes detected
2026-01-03 10:50:29,091 - watchfiles.main - INFO - 4 changes detected
2026-01-03 10:50:29,497 - watchfiles.main - INFO - 1 change detected
2026-01-03 10:50:29,911 - watchfiles.main - INFO - 1 change detected
2026-01-03 10:50:30,314 - watchfiles.main - INFO - 1 change detected
2026-01-03 10:50:30,729 - watchfiles.main - INFO - 1 change detected
2026-01-03 10:50:31,132 - watchfiles.main - INFO - 1 change detected
2026-01-03 10:50:31,546 - watchfiles.main - INFO - 1 change detected
2026-01-03 10:50:31,963 - watchfiles.main - INFO - 1 change detected
2026-01-03 10:50:32,378 - watchfiles.main - INFO - 1 change detected
2026-01-03 10:50:32,794 - watchfiles.main - INFO - 1 change detected
2026-01-03 10:50:33,197 - watchfiles.main - INFO - 1 change detected
2026-01-03 10:50:33,611 - watchfiles.main - INFO - 1 change detected
2026-01-03 10:50:33,971 - watchfiles.main - INFO - 1 change detected
2026-01-03 10:50:34,426 - watchfiles.main - INFO - 1 change detected
2026-01-03 10:50:34,828 - watchfiles.main - INFO - 1 change detected
2026-01-03 10:50:35,230 - watchfiles.main - INFO - 1 change detected
2026-01-03 10:50:35,595 - watchfiles.main - INFO - 1 change detected
2026-01-03 10:50:36,011 - watchfiles.main - INFO - 1 change detected
2026-01-03 10:50:36,428 - watchfiles.main - INFO - 1 change detected
2026-01-03 10:50:36,846 - watchfiles.main - INFO - 1 change detected
2026-01-03 10:50:37,263 - watchfiles.main - INFO - 1 change detected
2026-01-03 10:50:37,628 - watchfiles.main - INFO - 1 change detected
2026-01-03 10:50:38,046 - watchfiles.main - INFO - 1 change detected
2026-01-03 10:50:38,448 - watchfiles.main - INFO - 1 change detected
2026-01-03 10:50:38,860 - watchfiles.main - INFO - 1 change detected
2026-01-03 10:50:39,263 - watchfiles.main - INFO - 1 change detected
2026-01-03 10:50:39,629 - watchfiles.main - INFO - 1 change detected
2026-01-03 10:50:40,047 - watchfiles.main - INFO - 1 change detected
2026-01-03 10:50:40,458 - watchfiles.main - INFO - 1 change detected
2026-01-03 10:50:40,862 - watchfiles.main - INFO - 1 change detected
2026-01-03 10:50:41,277 - watchfiles.main - INFO - 1 change detected
2026-01-03 10:50:41,679 - watchfiles.main - INFO - 1 change detected
2026-01-03 10:50:42,094 - watchfiles.main - INFO - 1 change detected
2026-01-03 10:50:42,504 - watchfiles.main - INFO - 1 change detected
2026-01-03 10:50:42,910 - watchfiles.main - INFO - 1 change detected
2026-01-03 10:50:43,278 - watchfiles.main - INFO - 1 change detected
2026-01-03 10:50:43,694 - watchfiles.main - INFO - 1 change detected
2026-01-03 10:50:44,112 - watchfiles.main - INFO - 1 change detected
2026-01-03 10:50:44,527 - watchfiles.main - INFO - 1 change detected
2026-01-03 10:50:44,884 - watchfiles.main - INFO - 1 change detected
2026-01-03 10:50:45,296 - watchfiles.main - INFO - 1 change detected
2026-01-03 10:50:45,704 - watchfiles.main - INFO - 1 change detected
2026-01-03 10:50:46,112 - watchfiles.main - INFO - 1 change detected
2026-01-03 10:50:46,517 - watchfiles.main - INFO - 1 change detected
2026-01-03 10:50:46,928 - watchfiles.main - INFO - 1 change detected
2026-01-03 10:50:47,344 - watchfiles.main - INFO - 1 change detected
2026-01-03 10:50:47,746 - watchfiles.main - INFO - 1 change detected
2026-01-03 10:50:48,148 - watchfiles.main - INFO - 1 change detected
2026-01-03 10:50:48,562 - watchfiles.main - INFO - 1 change detected
2026-01-03 10:50:48,973 - watchfiles.main - INFO - 1 change detected
2026-01-03 10:50:49,430 - watchfiles.main - INFO - 1 change detected
2026-01-03 10:50:49,793 - watchfiles.main - INFO - 1 change detected
2026-01-03 10:50:50,196 - watchfiles.main - INFO - 1 change detected
2026-01-03 10:50:50,600 - watchfiles.main - INFO - 1 change detected
2026-01-03 10:50:51,012 - watchfiles.main - INFO - 1 change detected
2026-01-03 10:50:51,427 - watchfiles.main - INFO - 1 change detected
2026-01-03 10:50:51,795 - watchfiles.main - INFO - 1 change detected
2026-01-03 10:50:52,248 - watchfiles.main - INFO - 1 change detected
2026-01-03 10:50:52,611 - watchfiles.main - INFO - 1 change detected
2026-01-03 10:50:53,030 - watchfiles.main - INFO - 1 change detected
2026-01-03 10:50:53,444 - watchfiles.main - INFO - 1 change detected
2026-01-03 10:50:53,848 - watchfiles.main - INFO - 1 change detected
2026-01-03 10:50:54,263 - watchfiles.main - INFO - 1 change detected
2026-01-03 10:50:54,628 - watchfiles.main - INFO - 1 change detected
2026-01-03 10:50:55,046 - watchfiles.main - INFO - 1 change detected
2026-01-03 10:50:55,459 - watchfiles.main - INFO - 1 change detected
2026-01-03 10:50:55,877 - watchfiles.main - INFO - 1 change detected
2026-01-03 10:50:56,244 - watchfiles.main - INFO - 1 change detected
2026-01-03 10:50:56,661 - watchfiles.main - INFO - 1 change detected
2026-01-03 10:50:57,079 - watchfiles.main - INFO - 1 change detected
2026-01-03 10:50:57,497 - watchfiles.main - INFO - 1 change detected
2026-01-03 10:50:57,911 - watchfiles.main - INFO - 1 change detected
2026-01-03 10:50:58,327 - watchfiles.main - INFO - 1 change detected
2026-01-03 10:50:58,729 - watchfiles.main - INFO - 1 change detected
2026-01-03 10:50:59,145 - watchfiles.main - INFO - 1 change detected
2026-01-03 10:50:59,563 - watchfiles.main - INFO - 1 change detected
2026-01-03 10:50:59,977 - watchfiles.main - INFO - 1 change detected
2026-01-03 10:51:00,380 - watchfiles.main - INFO - 1 change detected
2026-01-03 10:51:00,745 - watchfiles.main - INFO - 1 change detected
2026-01-03 10:51:01,161 - watchfiles.main - INFO - 1 change detected
2026-01-03 10:51:01,564 - watchfiles.main - INFO - 1 change detected
2026-01-03 10:51:01,978 - watchfiles.main - INFO - 1 change detected
2026-01-03 10:51:02,394 - watchfiles.main - INFO - 1 change detected
2026-01-03 10:51:02,796 - watchfiles.main - INFO - 1 change detected
2026-01-03 10:51:03,162 - watchfiles.main - INFO - 1 change detected
2026-01-03 10:51:03,576 - watchfiles.main - INFO - 1 change detected
2026-01-03 10:51:03,978 - watchfiles.main - INFO - 1 change detected
2026-01-03 10:51:04,394 - watchfiles.main - INFO - 1 change detected
2026-01-03 10:51:04,809 - watchfiles.main - INFO - 1 change detected
2026-01-03 10:51:05,162 - watchfiles.main - INFO - 1 change detected
2026-01-03 10:51:05,568 - watchfiles.main - INFO - 1 change detected
2026-01-03 10:51:05,977 - watchfiles.main - INFO - 1 change detected
2026-01-03 10:51:06,380 - watchfiles.main - INFO - 1 change detected
2026-01-03 10:51:06,793 - watchfiles.main - INFO - 1 change detected
2026-01-03 10:51:07,211 - watchfiles.main - INFO - 1 change detected
2026-01-03 10:51:07,629 - watchfiles.main - INFO - 1 change detected
2026-01-03 10:51:08,045 - watchfiles.main - INFO - 1 change detected
2026-01-03 10:51:08,446 - watchfiles.main - INFO - 1 change detected
2026-01-03 10:51:08,862 - watchfiles.main - INFO - 1 change detected
2026-01-03 10:51:09,276 - watchfiles.main - INFO - 1 change detected
2026-01-03 10:51:09,678 - watchfiles.main - INFO - 1 change detected
2026-01-03 10:51:10,082 - watchfiles.main - INFO - 1 change detected
2026-01-03 10:51:10,495 - watchfiles.main - INFO - 1 change detected
2026-01-03 10:51:10,899 - watchfiles.main - INFO - 1 change detected
2026-01-03 10:51:11,315 - watchfiles.main - INFO - 1 change detected
2026-01-03 10:51:11,679 - watchfiles.main - INFO - 1 change detected
2026-01-03 10:51:12,082 - watchfiles.main - INFO - 1 change detected
2026-01-03 10:51:12,490 - watchfiles.main - INFO - 1 change detected
2026-01-03 10:51:12,897 - watchfiles.main - INFO - 1 change detected
2026-01-03 10:51:13,312 - watchfiles.main - INFO - 1 change detected
2026-01-03 10:51:13,679 - watchfiles.main - INFO - 1 change detected
2026-01-03 10:51:14,096 - watchfiles.main - INFO - 1 change detected
2026-01-03 10:51:14,510 - watchfiles.main - INFO - 1 change detected
2026-01-03 10:51:14,913 - watchfiles.main - INFO - 1 change detected
2026-01-03 10:51:15,267 - watchfiles.main - INFO - 1 change detected
2026-01-03 10:51:15,721 - watchfiles.main - INFO - 1 change detected
2026-01-03 10:51:16,129 - watchfiles.main - INFO - 1 change detected
2026-01-03 10:51:16,496 - watchfiles.main - INFO - 1 change detected
2026-01-03 10:51:16,899 - watchfiles.main - INFO - 1 change detected
2026-01-03 10:51:17,310 - watchfiles.main - INFO - 1 change detected
2026-01-03 10:51:17,763 - watchfiles.main - INFO - 1 change detected
2026-01-03 10:51:18,174 - watchfiles.main - INFO - 1 change detected
2026-01-03 10:51:18,577 - watchfiles.main - INFO - 1 change detected
2026-01-03 10:51:18,994 - watchfiles.main - INFO - 1 change detected
2026-01-03 10:51:19,396 - watchfiles.main - INFO - 1 change detected
2026-01-03 10:51:19,809 - watchfiles.main - INFO - 1 change detected
2026-01-03 10:51:20,210 - watchfiles.main - INFO - 1 change detected
2026-01-03 10:51:20,613 - watchfiles.main - INFO - 1 change detected
2026-01-03 10:51:21,028 - watchfiles.main - INFO - 1 change detected
2026-01-03 10:51:21,381 - watchfiles.main - INFO - 1 change detected
2026-01-03 10:51:21,795 - watchfiles.main - INFO - 1 change detected
2026-01-03 10:51:22,211 - watchfiles.main - INFO - 1 change detected
2026-01-03 10:51:22,579 - watchfiles.main - INFO - 1 change detected
2026-01-03 10:51:22,995 - watchfiles.main - INFO - 1 change detected
2026-01-03 10:51:23,397 - watchfiles.main - INFO - 1 change detected
2026-01-03 10:51:23,808 - watchfiles.main - INFO - 1 change detected
2026-01-03 10:51:24,212 - watchfiles.main - INFO - 1 change detected
2026-01-03 10:51:24,627 - watchfiles.main - INFO - 1 change detected
2026-01-03 10:51:24,980 - watchfiles.main - INFO - 1 change detected
2026-01-03 10:51:25,395 - watchfiles.main - INFO - 1 change detected
2026-01-03 10:51:25,759 - watchfiles.main - INFO - 1 change detected
2026-01-03 10:51:28,779 - watchfiles.main - INFO - 1 change detected
2026-01-03 10:51:29,132 - watchfiles.main - INFO - 1 change detected
2026-01-03 10:51:30,198 - watchfiles.main - INFO - 1 change detected
2026-01-03 10:51:30,563 - watchfiles.main - INFO - 1 change detected
2026-01-03 10:51:30,918 - watchfiles.main - INFO - 1 change detected
2026-01-03 10:51:31,326 - watchfiles.main - INFO - 1 change detected
2026-01-03 10:51:31,682 - watchfiles.main - INFO - 1 change detected
2026-01-03 10:51:32,086 - watchfiles.main - INFO - 1 change detected
2026-01-03 10:51:32,497 - watchfiles.main - INFO - 1 change detected
2026-01-03 10:51:32,899 - watchfiles.main - INFO - 1 change detected
2026-01-03 10:51:33,313 - watchfiles.main - INFO - 1 change detected
2026-01-03 10:51:33,727 - watchfiles.main - INFO - 1 change detected
2026-01-03 10:51:34,094 - watchfiles.main - INFO - 1 change detected
2026-01-03 10:51:34,496 - watchfiles.main - INFO - 1 change detected
2026-01-03 10:51:34,904 - watchfiles.main - INFO - 1 change detected
2026-01-03 10:51:35,310 - watchfiles.main - INFO - 1 change detected
2026-01-03 10:51:35,712 - watchfiles.main - INFO - 1 change detected
2026-01-03 10:51:36,076 - watchfiles.main - INFO - 1 change detected
2026-01-03 10:51:36,478 - watchfiles.main - INFO - 1 change detected
2026-01-03 10:51:36,880 - watchfiles.main - INFO - 1 change detected
2026-01-03 10:51:37,289 - watchfiles.main - INFO - 1 change detected
2026-01-03 10:51:37,642 - watchfiles.main - INFO - 1 change detected
2026-01-03 10:51:37,994 - watchfiles.main - INFO - 1 change detected
2026-01-03 10:51:38,345 - watchfiles.main - INFO - 1 change detected
2026-01-03 10:51:38,709 - watchfiles.main - INFO - 1 change detected
2026-01-03 10:51:39,076 - watchfiles.main - INFO - 1 change detected
2026-01-03 10:51:39,442 - watchfiles.main - INFO - 1 change detected
2026-01-03 10:51:39,844 - watchfiles.main - INFO - 1 change detected
2026-01-03 10:51:40,257 - watchfiles.main - INFO - 1 change detected
2026-01-03 10:51:40,661 - watchfiles.main - INFO - 1 change detected
2026-01-03 10:51:41,075 - watchfiles.main - INFO - 1 change detected
2026-01-03 10:51:41,476 - watchfiles.main - INFO - 1 change detected
2026-01-03 10:51:41,832 - watchfiles.main - INFO - 1 change detected
2026-01-03 10:51:42,247 - watchfiles.main - INFO - 1 change detected
2026-01-03 10:51:42,656 - watchfiles.main - INFO - 1 change detected
2026-01-03 10:51:43,012 - watchfiles.main - INFO - 1 change detected
2026-01-03 10:51:43,679 - watchfiles.main - INFO - 1 change detected
2026-01-03 10:51:44,042 - watchfiles.main - INFO - 1 change detected
2026-01-03 10:51:44,446 - watchfiles.main - INFO - 1 change detected
2026-01-03 10:51:44,803 - watchfiles.main - INFO - 1 change detected
2026-01-03 10:51:45,213 - watchfiles.main - INFO - 1 change detected
2026-01-03 10:51:45,628 - watchfiles.main - INFO - 1 change detected
2026-01-03 10:51:45,985 - watchfiles.main - INFO - 1 change detected
2026-01-03 10:51:46,127 - ltrc_manager - INFO - LTRC Manager API shutting down...
2026-01-03 10:51:46,610 - watchfiles.main - INFO - 1 change detected
2026-01-03 10:51:46,975 - watchfiles.main - INFO - 5 changes detected
2026-01-03 10:51:53,262 - ltrc_manager - INFO - Logging initialized at INFO level
2026-01-03 10:51:53,341 - ltrc_manager - INFO - Logging initialized at INFO level
2026-01-03 10:51:53,345 - ltrc_manager - INFO - LTRC Manager API starting up...
2026-01-03 10:51:53,400 - watchfiles.main - INFO - 1 change detected
2026-01-03 10:51:53,751 - watchfiles.main - INFO - 1 change detected
2026-01-03 10:51:54,103 - watchfiles.main - INFO - 1 change detected
2026-01-03 10:51:54,464 - watchfiles.main - INFO - 1 change detected
2026-01-03 10:51:54,822 - watchfiles.main - INFO - 1 change detected
2026-01-03 10:51:55,180 - watchfiles.main - INFO - 1 change detected
2026-01-03 10:51:55,597 - watchfiles.main - INFO - 1 change detected
2026-01-03 10:51:55,963 - watchfiles.main - INFO - 1 change detected
2026-01-03 10:51:56,378 - watchfiles.main - INFO - 1 change detected
2026-01-03 10:51:56,791 - watchfiles.main - INFO - 1 change detected
2026-01-03 10:51:57,207 - watchfiles.main - INFO - 1 change detected
2026-01-03 10:51:57,609 - watchfiles.main - INFO - 1 change detected
2026-01-03 10:51:57,964 - watchfiles.main - INFO - 1 change detected
2026-01-03 10:51:58,378 - watchfiles.main - INFO - 1 change detected
2026-01-03 10:51:58,783 - watchfiles.main - INFO - 1 change detected
2026-01-03 10:51:59,194 - watchfiles.main - INFO - 1 change detected
2026-01-03 10:51:59,598 - watchfiles.main - INFO - 1 change detected
2026-01-03 10:52:00,013 - watchfiles.main - INFO - 1 change detected
2026-01-03 10:52:00,372 - watchfiles.main - INFO - 1 change detected
2026-01-03 10:52:00,777 - watchfiles.main - INFO - 1 change detected
2026-01-03 10:52:01,181 - watchfiles.main - INFO - 1 change detected
2026-01-03 10:52:01,585 - watchfiles.main - INFO - 1 change detected
2026-01-03 10:52:01,990 - watchfiles.main - INFO - 1 change detected
2026-01-03 10:52:02,395 - watchfiles.main - INFO - 1 change detected
2026-01-03 10:52:02,812 - watchfiles.main - INFO - 1 change detected
2026-01-03 10:52:03,227 - watchfiles.main - INFO - 1 change detected
2026-01-03 10:52:03,588 - watchfiles.main - INFO - 1 change detected
2026-01-03 10:52:03,995 - watchfiles.main - INFO - 1 change detected
2026-01-03 10:52:04,409 - watchfiles.main - INFO - 1 change detected
2026-01-03 10:52:04,811 - watchfiles.main - INFO - 1 change detected
2026-01-03 10:52:05,178 - watchfiles.main - INFO - 1 change detected
2026-01-03 10:52:05,597 - watchfiles.main - INFO - 1 change detected
2026-01-03 10:52:06,005 - watchfiles.main - INFO - 1 change detected
2026-01-03 10:52:06,412 - watchfiles.main - INFO - 1 change detected
2026-01-03 10:52:06,829 - watchfiles.main - INFO - 1 change detected
2026-01-03 10:52:07,246 - watchfiles.main - INFO - 1 change detected
2026-01-03 10:52:07,659 - watchfiles.main - INFO - 1 change detected
2026-01-03 10:52:08,022 - watchfiles.main - INFO - 1 change detected
2026-01-03 10:52:08,427 - watchfiles.main - INFO - 1 change detected
2026-01-03 10:52:08,828 - watchfiles.main - INFO - 1 change detected
2026-01-03 10:52:09,233 - watchfiles.main - INFO - 1 change detected
2026-01-03 10:52:09,642 - watchfiles.main - INFO - 1 change detected
2026-01-03 10:52:10,060 - watchfiles.main - INFO - 1 change detected
2026-01-03 10:52:10,477 - watchfiles.main - INFO - 1 change detected
2026-01-03 10:52:10,843 - watchfiles.main - INFO - 1 change detected
2026-01-03 10:52:11,195 - watchfiles.main - INFO - 1 change detected
2026-01-03 10:52:11,398 - ltrc_manager - INFO - LTRC Manager API shutting down...
2026-01-03 10:52:11,926 - watchfiles.main - INFO - 1 change detected
2026-01-03 10:52:12,290 - watchfiles.main - INFO - 6 changes detected
2026-01-03 10:52:12,643 - watchfiles.main - INFO - 1 change detected
2026-01-03 10:52:12,994 - watchfiles.main - INFO - 1 change detected
2026-01-03 10:52:13,360 - watchfiles.main - INFO - 1 change detected
2026-01-03 10:52:13,727 - watchfiles.main - INFO - 1 change detected
2026-01-03 10:52:14,094 - watchfiles.main - INFO - 1 change detected
2026-01-03 10:52:14,499 - watchfiles.main - INFO - 1 change detected
2026-01-03 10:52:14,860 - watchfiles.main - INFO - 1 change detected
2026-01-03 10:52:15,314 - watchfiles.main - INFO - 1 change detected
2026-01-03 10:52:15,677 - watchfiles.main - INFO - 1 change detected
2026-01-03 10:52:16,079 - watchfiles.main - INFO - 1 change detected
2026-01-03 10:52:16,481 - watchfiles.main - INFO - 1 change detected
2026-01-03 10:52:16,897 - watchfiles.main - INFO - 1 change detected
2026-01-03 10:52:17,309 - watchfiles.main - INFO - 1 change detected
2026-01-03 10:52:17,678 - watchfiles.main - INFO - 1 change detected
2026-01-03 10:52:18,080 - watchfiles.main - INFO - 1 change detected
2026-01-03 10:52:18,487 - watchfiles.main - INFO - 1 change detected
2026-01-03 10:52:18,490 - ltrc_manager - INFO - Logging initialized at INFO level
2026-01-03 10:52:18,566 - ltrc_manager - INFO - Logging initialized at INFO level
2026-01-03 10:52:18,569 - ltrc_manager - INFO - LTRC Manager API starting up...
2026-01-03 10:52:18,844 - watchfiles.main - INFO - 1 change detected
2026-01-03 10:52:19,197 - watchfiles.main - INFO - 1 change detected
2026-01-03 10:52:19,551 - watchfiles.main - INFO - 1 change detected
2026-01-03 10:52:19,909 - watchfiles.main - INFO - 1 change detected
2026-01-03 10:52:20,261 - watchfiles.main - INFO - 1 change detected
2026-01-03 10:52:20,614 - watchfiles.main - INFO - 1 change detected
2026-01-03 10:52:21,016 - watchfiles.main - INFO - 1 change detected
2026-01-03 10:52:21,428 - watchfiles.main - INFO - 1 change detected
2026-01-03 10:52:21,844 - watchfiles.main - INFO - 1 change detected
2026-01-03 10:52:22,248 - watchfiles.main - INFO - 1 change detected
2026-01-03 10:52:22,612 - watchfiles.main - INFO - 1 change detected
2026-01-03 10:52:23,029 - watchfiles.main - INFO - 1 change detected
2026-01-03 10:52:23,446 - watchfiles.main - INFO - 1 change detected
2026-01-03 10:52:23,850 - watchfiles.main - INFO - 1 change detected
2026-01-03 10:52:24,210 - watchfiles.main - INFO - 1 change detected
2026-01-03 10:52:24,626 - watchfiles.main - INFO - 1 change detected
2026-01-03 10:52:25,041 - watchfiles.main - INFO - 1 change detected
2026-01-03 10:52:25,444 - watchfiles.main - INFO - 1 change detected
2026-01-03 10:52:25,850 - watchfiles.main - INFO - 1 change detected
2026-01-03 10:52:26,262 - watchfiles.main - INFO - 1 change detected
2026-01-03 10:52:26,678 - watchfiles.main - INFO - 1 change detected
2026-01-03 10:52:27,090 - watchfiles.main - INFO - 1 change detected
2026-01-03 10:52:27,496 - watchfiles.main - INFO - 1 change detected
2026-01-03 10:52:27,912 - watchfiles.main - INFO - 1 change detected
2026-01-03 10:52:28,329 - watchfiles.main - INFO - 1 change detected
2026-01-03 10:52:28,746 - watchfiles.main - INFO - 1 change detected
2026-01-03 10:52:29,111 - watchfiles.main - INFO - 1 change detected
2026-01-03 10:52:29,527 - watchfiles.main - INFO - 1 change detected
2026-01-03 10:52:29,944 - watchfiles.main - INFO - 1 change detected
2026-01-03 10:52:30,295 - watchfiles.main - INFO - 1 change detected
2026-01-03 10:52:30,710 - watchfiles.main - INFO - 1 change detected
2026-01-03 10:52:31,163 - watchfiles.main - INFO - 1 change detected
2026-01-03 10:52:31,528 - watchfiles.main - INFO - 1 change detected
2026-01-03 10:52:31,891 - watchfiles.main - INFO - 1 change detected
2026-01-03 10:52:32,245 - watchfiles.main - INFO - 1 change detected
2026-01-03 10:52:32,604 - watchfiles.main - INFO - 1 change detected
2026-01-03 10:52:32,960 - watchfiles.main - INFO - 1 change detected
2026-01-03 10:52:33,313 - watchfiles.main - INFO - 1 change detected
2026-01-03 10:52:33,677 - watchfiles.main - INFO - 1 change detected
2026-01-03 10:52:34,031 - watchfiles.main - INFO - 1 change detected
2026-01-03 10:52:34,392 - watchfiles.main - INFO - 1 change detected
2026-01-03 10:52:34,743 - watchfiles.main - INFO - 1 change detected
2026-01-03 10:52:35,096 - watchfiles.main - INFO - 1 change detected
2026-01-03 10:52:35,460 - watchfiles.main - INFO - 1 change detected
2026-01-03 10:52:35,815 - watchfiles.main - INFO - 1 change detected
2026-01-03 10:52:36,177 - watchfiles.main - INFO - 1 change detected
2026-01-03 10:52:36,530 - watchfiles.main - INFO - 1 change detected
2026-01-03 10:52:36,894 - watchfiles.main - INFO - 1 change detected
2026-01-03 10:52:37,251 - watchfiles.main - INFO - 1 change detected
2026-01-03 10:52:37,611 - watchfiles.main - INFO - 1 change detected
2026-01-03 10:52:37,977 - watchfiles.main - INFO - 1 change detected
2026-01-03 10:52:38,330 - watchfiles.main - INFO - 1 change detected
2026-01-03 10:52:38,693 - watchfiles.main - INFO - 1 change detected
2026-01-03 10:52:39,060 - watchfiles.main - INFO - 1 change detected
2026-01-03 10:52:39,428 - watchfiles.main - INFO - 1 change detected
2026-01-03 10:52:39,794 - watchfiles.main - INFO - 1 change detected
2026-01-03 10:52:40,146 - watchfiles.main - INFO - 1 change detected
2026-01-03 10:52:40,510 - watchfiles.main - INFO - 1 change detected
2026-01-03 10:52:40,876 - watchfiles.main - INFO - 1 change detected
2026-01-03 10:52:41,228 - watchfiles.main - INFO - 1 change detected
2026-01-03 10:52:41,579 - watchfiles.main - INFO - 1 change detected
2026-01-03 10:52:41,944 - watchfiles.main - INFO - 1 change detected
2026-01-03 10:52:42,310 - watchfiles.main - INFO - 1 change detected
2026-01-03 10:52:42,662 - watchfiles.main - INFO - 1 change detected
2026-01-03 10:52:43,026 - watchfiles.main - INFO - 1 change detected
2026-01-03 10:52:43,379 - watchfiles.main - INFO - 1 change detected
2026-01-03 10:52:43,742 - watchfiles.main - INFO - 1 change detected
2026-01-03 10:52:44,094 - watchfiles.main - INFO - 1 change detected
2026-01-03 10:52:44,459 - watchfiles.main - INFO - 1 change detected
2026-01-03 10:52:44,828 - watchfiles.main - INFO - 1 change detected
2026-01-03 10:52:45,192 - watchfiles.main - INFO - 1 change detected
2026-01-03 10:52:45,545 - watchfiles.main - INFO - 1 change detected
2026-01-03 10:52:45,910 - watchfiles.main - INFO - 1 change detected
2026-01-03 10:52:46,276 - watchfiles.main - INFO - 1 change detected
2026-01-03 10:52:46,630 - watchfiles.main - INFO - 1 change detected
2026-01-03 10:52:46,992 - watchfiles.main - INFO - 1 change detected
2026-01-03 10:52:47,358 - watchfiles.main - INFO - 1 change detected
2026-01-03 10:52:47,761 - watchfiles.main - INFO - 1 change detected
2026-01-03 10:52:48,178 - watchfiles.main - INFO - 1 change detected
2026-01-03 10:52:48,594 - watchfiles.main - INFO - 1 change detected
2026-01-03 10:52:49,012 - watchfiles.main - INFO - 1 change detected
2026-01-03 10:52:49,423 - watchfiles.main - INFO - 1 change detected
2026-01-03 10:52:49,829 - watchfiles.main - INFO - 1 change detected
2026-01-03 10:52:50,239 - watchfiles.main - INFO - 1 change detected
2026-01-03 10:52:50,593 - watchfiles.main - INFO - 1 change detected
2026-01-03 10:52:50,948 - watchfiles.main - INFO - 1 change detected
2026-01-03 10:52:51,309 - watchfiles.main - INFO - 1 change detected
2026-01-03 10:52:51,730 - watchfiles.main - INFO - 1 change detected
2026-01-03 10:52:52,138 - watchfiles.main - INFO - 1 change detected
2026-01-03 10:52:52,544 - watchfiles.main - INFO - 1 change detected
2026-01-03 10:52:52,947 - watchfiles.main - INFO - 1 change detected
2026-01-03 10:52:53,360 - watchfiles.main - INFO - 1 change detected
2026-01-03 10:52:53,763 - watchfiles.main - INFO - 1 change detected
2026-01-03 10:52:54,121 - watchfiles.main - INFO - 1 change detected
2026-01-03 10:52:54,478 - watchfiles.main - INFO - 1 change detected
2026-01-03 10:52:54,893 - watchfiles.main - INFO - 1 change detected
2026-01-03 10:52:55,296 - watchfiles.main - INFO - 1 change detected
2026-01-03 10:52:55,703 - watchfiles.main - INFO - 1 change detected
2026-01-03 10:52:56,110 - watchfiles.main - INFO - 1 change detected
2026-01-03 10:52:56,512 - watchfiles.main - INFO - 1 change detected
2026-01-03 10:52:56,929 - watchfiles.main - INFO - 1 change detected
2026-01-03 10:52:57,334 - watchfiles.main - INFO - 1 change detected
2026-01-03 10:52:57,744 - watchfiles.main - INFO - 1 change detected
2026-01-03 10:52:58,160 - watchfiles.main - INFO - 1 change detected
2026-01-03 10:52:58,563 - watchfiles.main - INFO - 1 change detected
2026-01-03 10:52:58,978 - watchfiles.main - INFO - 1 change detected
2026-01-03 10:52:59,392 - watchfiles.main - INFO - 1 change detected
2026-01-03 10:52:59,756 - watchfiles.main - INFO - 1 change detected
2026-01-03 10:53:00,163 - watchfiles.main - INFO - 1 change detected
2026-01-03 10:53:00,576 - watchfiles.main - INFO - 1 change detected
2026-01-03 10:53:00,987 - watchfiles.main - INFO - 1 change detected
2026-01-03 10:53:01,393 - watchfiles.main - INFO - 1 change detected
2026-01-03 10:53:01,811 - watchfiles.main - INFO - 1 change detected
2026-01-03 10:53:02,216 - watchfiles.main - INFO - 1 change detected
2026-01-03 10:53:02,627 - watchfiles.main - INFO - 1 change detected
2026-01-03 10:53:02,993 - watchfiles.main - INFO - 1 change detected
2026-01-03 10:53:03,394 - watchfiles.main - INFO - 1 change detected
2026-01-03 10:53:03,797 - watchfiles.main - INFO - 1 change detected
2026-01-03 10:53:04,200 - watchfiles.main - INFO - 1 change detected
2026-01-03 10:53:04,611 - watchfiles.main - INFO - 1 change detected
2026-01-03 10:53:05,012 - watchfiles.main - INFO - 1 change detected
2026-01-03 10:53:05,429 - watchfiles.main - INFO - 1 change detected
2026-01-03 10:53:05,793 - watchfiles.main - INFO - 1 change detected
2026-01-03 10:53:06,197 - watchfiles.main - INFO - 1 change detected
2026-01-03 10:53:06,611 - watchfiles.main - INFO - 1 change detected
2026-01-03 10:53:07,028 - watchfiles.main - INFO - 1 change detected
2026-01-03 10:53:07,444 - watchfiles.main - INFO - 1 change detected
2026-01-03 10:53:07,846 - watchfiles.main - INFO - 1 change detected
2026-01-03 10:53:08,210 - watchfiles.main - INFO - 1 change detected
2026-01-03 10:53:08,612 - watchfiles.main - INFO - 1 change detected
2026-01-03 10:53:09,024 - watchfiles.main - INFO - 1 change detected
2026-01-03 10:53:09,427 - watchfiles.main - INFO - 1 change detected
2026-01-03 10:53:09,843 - watchfiles.main - INFO - 1 change detected
2026-01-03 10:53:10,248 - watchfiles.main - INFO - 1 change detected
2026-01-03 10:53:10,652 - watchfiles.main - INFO - 1 change detected
2026-01-03 10:53:11,009 - watchfiles.main - INFO - 1 change detected
2026-01-03 10:53:11,411 - watchfiles.main - INFO - 1 change detected
2026-01-03 10:53:11,813 - watchfiles.main - INFO - 1 change detected
2026-01-03 10:53:12,176 - watchfiles.main - INFO - 1 change detected
2026-01-03 10:53:12,529 - watchfiles.main - INFO - 1 change detected
2026-01-03 10:53:12,892 - watchfiles.main - INFO - 1 change detected
2026-01-03 10:53:13,246 - watchfiles.main - INFO - 1 change detected
2026-01-03 10:53:13,648 - watchfiles.main - INFO - 1 change detected
2026-01-03 10:53:14,054 - watchfiles.main - INFO - 1 change detected
2026-01-03 10:53:14,460 - watchfiles.main - INFO - 1 change detected
2026-01-03 10:53:14,823 - watchfiles.main - INFO - 1 change detected
2026-01-03 10:53:15,277 - watchfiles.main - INFO - 1 change detected
2026-01-03 10:53:15,692 - watchfiles.main - INFO - 1 change detected
2026-01-03 10:53:16,095 - watchfiles.main - INFO - 1 change detected
2026-01-03 10:53:16,446 - watchfiles.main - INFO - 1 change detected
2026-01-03 10:53:16,858 - watchfiles.main - INFO - 1 change detected
2026-01-03 10:53:17,260 - watchfiles.main - INFO - 1 change detected
2026-01-03 10:53:17,671 - watchfiles.main - INFO - 1 change detected
2026-01-03 10:53:18,073 - watchfiles.main - INFO - 1 change detected
2026-01-03 10:53:18,426 - watchfiles.main - INFO - 1 change detected
2026-01-03 10:53:18,832 - watchfiles.main - INFO - 1 change detected
2026-01-03 10:53:19,241 - watchfiles.main - INFO - 1 change detected
2026-01-03 10:53:19,608 - watchfiles.main - INFO - 1 change detected
2026-01-03 10:53:20,012 - watchfiles.main - INFO - 1 change detected
2026-01-03 10:53:20,416 - watchfiles.main - INFO - 1 change detected
2026-01-03 10:53:20,825 - watchfiles.main - INFO - 1 change detected
2026-01-03 10:53:21,227 - watchfiles.main - INFO - 1 change detected
2026-01-03 10:53:21,638 - watchfiles.main - INFO - 1 change detected
2026-01-03 10:53:21,991 - watchfiles.main - INFO - 1 change detected
2026-01-03 10:53:22,395 - watchfiles.main - INFO - 1 change detected
2026-01-03 10:53:22,810 - watchfiles.main - INFO - 1 change detected
2026-01-03 10:53:23,217 - watchfiles.main - INFO - 1 change detected
2026-01-03 10:53:23,622 - watchfiles.main - INFO - 1 change detected
2026-01-03 10:53:24,027 - watchfiles.main - INFO - 1 change detected
2026-01-03 10:53:24,386 - watchfiles.main - INFO - 1 change detected
2026-01-03 10:53:24,794 - watchfiles.main - INFO - 1 change detected
2026-01-03 10:53:25,210 - watchfiles.main - INFO - 1 change detected
2026-01-03 10:53:25,615 - watchfiles.main - INFO - 1 change detected
2026-01-03 10:53:25,969 - watchfiles.main - INFO - 1 change detected
2026-01-03 10:53:26,375 - watchfiles.main - INFO - 1 change detected
2026-01-03 10:53:26,731 - watchfiles.main - INFO - 1 change detected
2026-01-03 10:53:27,144 - watchfiles.main - INFO - 1 change detected
2026-01-03 10:53:27,548 - watchfiles.main - INFO - 1 change detected
2026-01-03 10:53:27,901 - watchfiles.main - INFO - 1 change detected
2026-01-03 10:53:28,307 - watchfiles.main - INFO - 1 change detected
2026-01-03 10:53:28,761 - watchfiles.main - INFO - 1 change detected
2026-01-03 10:53:29,113 - watchfiles.main - INFO - 1 change detected
2026-01-03 10:53:29,526 - watchfiles.main - INFO - 1 change detected
2026-01-03 10:53:29,893 - watchfiles.main - INFO - 1 change detected
2026-01-03 10:53:30,308 - watchfiles.main - INFO - 1 change detected
2026-01-03 10:53:30,711 - watchfiles.main - INFO - 1 change detected
2026-01-03 10:53:31,126 - watchfiles.main - INFO - 1 change detected
2026-01-03 10:53:31,480 - watchfiles.main - INFO - 1 change detected
2026-01-03 10:53:31,893 - watchfiles.main - INFO - 1 change detected
2026-01-03 10:53:32,310 - watchfiles.main - INFO - 1 change detected
2026-01-03 10:53:32,675 - watchfiles.main - INFO - 1 change detected
2026-01-03 10:53:33,077 - watchfiles.main - INFO - 1 change detected
2026-01-03 10:53:33,492 - watchfiles.main - INFO - 1 change detected
2026-01-03 10:53:33,895 - watchfiles.main - INFO - 1 change detected
2026-01-03 10:53:34,309 - watchfiles.main - INFO - 1 change detected
2026-01-03 10:53:34,677 - watchfiles.main - INFO - 1 change detected
2026-01-03 10:53:35,087 - watchfiles.main - INFO - 1 change detected
2026-01-03 10:53:35,495 - watchfiles.main - INFO - 1 change detected
2026-01-03 10:53:35,897 - watchfiles.main - INFO - 1 change detected
2026-01-03 10:53:36,310 - watchfiles.main - INFO - 1 change detected
2026-01-03 10:53:36,677 - watchfiles.main - INFO - 1 change detected
2026-01-03 10:53:37,094 - watchfiles.main - INFO - 1 change detected
2026-01-03 10:53:37,500 - watchfiles.main - INFO - 1 change detected
2026-01-03 10:53:37,903 - watchfiles.main - INFO - 1 change detected
2026-01-03 10:53:38,311 - watchfiles.main - INFO - 1 change detected
2026-01-03 10:53:38,727 - watchfiles.main - INFO - 1 change detected
2026-01-03 10:53:39,128 - watchfiles.main - INFO - 1 change detected
2026-01-03 10:53:39,545 - watchfiles.main - INFO - 1 change detected
2026-01-03 10:53:39,899 - watchfiles.main - INFO - 1 change detected
2026-01-03 10:53:40,310 - watchfiles.main - INFO - 1 change detected
2026-01-03 10:53:40,727 - watchfiles.main - INFO - 1 change detected
2026-01-03 10:53:41,143 - watchfiles.main - INFO - 1 change detected
2026-01-03 10:53:41,559 - watchfiles.main - INFO - 1 change detected
2026-01-03 10:53:41,971 - watchfiles.main - INFO - 1 change detected
2026-01-03 10:53:42,378 - watchfiles.main - INFO - 1 change detected
2026-01-03 10:53:42,743 - watchfiles.main - INFO - 1 change detected
2026-01-03 10:53:43,160 - watchfiles.main - INFO - 1 change detected
2026-01-03 10:53:43,580 - watchfiles.main - INFO - 1 change detected
2026-01-03 10:53:43,994 - watchfiles.main - INFO - 1 change detected
2026-01-03 10:53:44,409 - watchfiles.main - INFO - 1 change detected
2026-01-03 10:53:44,762 - watchfiles.main - INFO - 1 change detected
2026-01-03 10:53:45,114 - watchfiles.main - INFO - 1 change detected
2026-01-03 10:53:45,477 - watchfiles.main - INFO - 1 change detected
2026-01-03 10:53:45,843 - watchfiles.main - INFO - 5 changes detected
2026-01-03 10:53:46,210 - watchfiles.main - INFO - 4 changes detected
2026-01-03 10:53:46,628 - watchfiles.main - INFO - 1 change detected
2026-01-03 10:53:47,044 - watchfiles.main - INFO - 1 change detected
2026-01-03 10:53:47,460 - watchfiles.main - INFO - 1 change detected
2026-01-03 10:53:47,877 - watchfiles.main - INFO - 1 change detected
2026-01-03 10:53:48,294 - watchfiles.main - INFO - 1 change detected
2026-01-03 10:53:48,711 - watchfiles.main - INFO - 1 change detected
